,Ãå ½ç,ÏÈ ÈÖ,ÇÏ ÈÖ,ÇÏÌ¾,À­Îð,¶ÔÎÌ,µ³¼ê,¥¿¥¤¥à,Ãåº¹,Ã±¾¡,¿Í µ¤,ÇÏÂÎ½Å,Ä´¶µ»Õ
0,1,1,1,¥´¥ë¥³¥ó¥À,²´2,54,¥ë¥á¡¼¥ë,1:48.3,,1.4,1.0,518(-16),[Åì] ÌÚÂ¼Å¯Ìé
1,2,3,3,¥×¥ó¥È¥Õ¥¡¥¤¥ä¡¼,²´2,54,´äÅÄ¹¯À¿,1:50.1,Âç,3.5,2.0,496(-8),[Åì] ¼êÄÍµ®µ×
2,3,4,4,¥é¥°¥ê¥Þ¥¹¥Í¥°¥é¥¹,²´2,51,ÃÄÌîÂçÀ®,1:50.9,5,46.6,6.0,546(+6),[Åì] Æ£ÂôÏÂÍº
3,4,8,9,¥­¥¿¥Î¥³¥É¥¦,²´2,51,¿û¸¶ÌÀÎÉ,1:51.5,3.1/2,56.8,7.0,458(-8),[Åì] ¹âÌÚÅÐ
4,5,5,5,¥Í¥â¥Õ¥£¥é¥Ö¥ë¡¼,²´2,54,ÀîÅç¿®Æó,1:51.7,1.1/2,140.3,9.0,436(0),[À¾] ÌðºîË§¿Í
5,6,8,8,¥Þ¥¤¥Í¥ë¥é¥¯¥¹¥Þ¥ó,²´2,54,Ã°ÆâÍ´¼¡,1:52.1,2.1/2,9.7,3.0,480(+8),[Åì] ¶âÀ®µ®»Ë
6,7,2,2,¥µ¥ó¥â¥ó¥Æ¥Ù¥í,ÌÆ2,54,Âã¹°¿Í,1:52.5,2.1/2,114.7,8.0,450(+2),[Åì] ÃæÌî±É¼£
7,8,7,7,¥¨¥¹¥«¥ì¡¼¥·¥ç¥ó,ÌÆ2,54,Æ£²¬Í¤²ð,1:52.5,¥¢¥¿¥Þ,26.1,5.0,448(-4),[Åì] ¹âÌø¿ð¼ù
8,9,6,6,¥»¥¤¥¦¥ó¥¸¥å¥ê¥¢,ÌÆ2,54,ÃÓÅº¸¬°ì,1:52.6,¥¯¥Ó,16.4,4.0,470(0),[À¾] Àõ¸«½¨°ì
0,1,7,7,¥¤¥¨¥¹¥µ¥ó¥­¥å¡¼,ÌÆ3,54,²ÃÆ£¾ÍÂÀ,0:59.2,,4.3,4.0,492(+2),[À¾] ±©·îÍ§É§
1,2,1,1,¥æ¥­¥¨¥Á¥ã¥ó,ÌÆ3,53,²£»³Éð»Ë,0:59.4,1.1/4,19.8,6.0,474(+4),[À¾] ¿Ü³­¾°²ð
2,3,6,6,¥­¥ç¥¦¥¨¥¤¥á¥µ¥¤¥¢,ÌÆ3,54,¾¾²¬Àµ³¤,0:59.5,3/4,13.9,5.0,456(0),[Åì] °ËÆ£¿­°ì
3,4,8,8,¥µ¥¦¥ó¥É¥·¥å¥ê¥Ã¥È,ÌÆ3,54,¾¾ÅÄÂçºî,0:59.8,2,27.2,8.0,452(+6),[À¾] ¹â¶¶¹¯Ç·
4,5,4,4,¥í¡¼¥Þ¥Î¥­¥å¥¦¥¸¥Ä,ÌÆ3,51,ÃÄÌîÂçÀ®,1:00.0,1,4.1,2.0,490(-2),[À¾] ËÒ±º½¼ÆÁ
5,6,3,3,¥×¥ê¥â¥Ñ¥ó¥µ¡¼,ÌÆ3,51,¿û¸¶ÌÀÎÉ,1:00.0,¥¢¥¿¥Þ,27.0,7.0,446(-8),[Åì] °ËÆ£·½»°
6,7,2,2,¥í¡¼¥Ö¥É¡¼¥ë,ÌÆ3,54,¥ë¥á¡¼¥ë,1:00.2,1.1/4,2.9,1.0,426(-6),[Åì] ÏÂÅÄÍºÆó
7,8,5,5,¥«¡¼¥ô¥£¡¼,ÌÆ3,54,Æ£²¬¹¯ÂÀ,1:00.3,1/2,4.2,3.0,432(0),[À¾] ËÒ±º½¼ÆÁ
0,1,2,2,¥ê¥ô¥£¥¨¥é,²´3,56,¼Æ»³Íº°ì,2:34.6,,4.5,3.0,494(-6),[À¾] ÅÏÊÕ·°É§
1,2,6,6,¥ª¥¦¥±¥ó¥é¥ó¥Ü¡¼,²´3,56,´äÅÄ¹¯À¿,2:34.7,1/2,3.6,1.0,518(+3),[Åì] ÏÂÅÄÍ¦²ð
2,3,8,11,¥¨¥¤¥·¥ó¥Õ¥©¡¼¥é¥ó,²´3,56,É©ÅÄÍµÆó,2:35.0,2,14.0,7.0,484(+2),[À¾] ¾åÂ¼ÍÎ¹Ô
3,4,8,10,¥í¥º,ÌÆ3,54,²®Ìî¶Ë,2:35.3,2,59.1,11.0,432(-4),[À¾] ¹âÌøÂçÊå
4,5,5,5,¥¹¥­¥ó¥º¥Þ¥Ã¥Á,²´3,56,¹ñÊ¬¶³²ð,2:35.7,2.1/2,6.4,4.0,432(-2),[À¾] Âçº¬ÅÄÍµ
5,6,4,4,¥·¥Ê¥ê¥ª¥é¥¤¥ó,²´3,56,Ã°ÆâÍ´¼¡,2:36.0,1.3/4,57.6,10.0,500(-2),[Åì] ´ä¸Í¹§¼ù
6,7,6,7,¥È¥é¥¤¥ó¥³¥ó¥Ñ¥¹,²´3,55,²£»³Éð»Ë,2:36.7,4,9.2,5.0,424(-4),[Åì] ¾®³ÞÎÑ¹°
7,8,1,1,¥é¥É¥ß¥å¡¼¥¸¥·¥ã¥ó,²´3,53,ÃÄÌîÂçÀ®,2:37.4,4,21.8,8.0,474(-20),[À¾] ÃÓÅº·óÍº
8,9,3,3,¥µ¥ó¥°¥ê¡¼¥ó¥Ù¥¤,²´3,56,²£»³ÏÂÀ¸,2:37.4,¥¯¥Ó,11.5,6.0,486(0),[Åì] Æ£¸¶Ã¤Íº
9,10,7,9,¥¢¥ª¥¤¥Ï¥ä¥Ö¥µ,ÌÆ3,54,Æ£²¬¹¯ÂÀ,2:41.4,Âç,53.3,9.0,446(-14),[À¾] ÌîÃæ¸­Æó
10,11,7,8,¥Ç¥ë¥Þ¥·¥ã¥ó¥Æ¥£,²´3,56,¥ë¥á¡¼¥ë,2:43.5,Âç,4.1,2.0,516(-4),[À¾] ËÒÅÄÏÂÌï
0,1,6,10,¥×¥é¥¤¥à¥·¥¹¥¿¡¼,ÌÆ3,54,´äÅÄ¹¯À¿,2:02.2,,9.5,3.0,492(-2),[À¾] À¾Â¼¿¿¹¬
1,2,4,6,¥ì¥ó¥¸¥ã¡¼¥¬¡¼¥ë,ÌÆ3,54,¹ñÊ¬¶³²ð,2:02.2,¥¯¥Ó,5.7,2.0,446(-2),[À¾] ²ÏÆâÍÎ
2,3,5,8,¥¼¥Ã¥È¥ì¥ª,²´3,56,ÃÓÅº¸¬°ì,2:02.3,¥¯¥Ó,9.8,4.0,432(0),[À¾] ÃÓÅº·óÍº
3,4,5,7,¥Ð¥¤¥­¥ó¥°¥¯¥é¥Ã¥×,²´3,56,¥ë¥á¡¼¥ë,2:02.4,3/4,1.6,1.0,502(-6),[Åì] ËÙÀë¹Ô
4,5,3,3,¥ô¥£¥ª¥é¥Ô¥å¡¼¥í,ÌÆ3,54,µÈÅÄÈ»¿Í,2:02.7,1.3/4,27.3,7.0,468(+18),[À¾] ¿ù»³À²µª
5,6,8,14,¥³¥¦¥½¥¯¥é¥Ã¥·¥å,¥»3,56,¼Æ»³Íº°ì,2:02.9,1.1/4,252.4,14.0,438(-22),[Åì] Ãæ´Ü±ÑÆó
6,7,7,12,¥¢¥Ê¥¶¡¼¥É¥ê¡¼¥à,²´3,56,É©ÅÄÍµÆó,2:03.1,1,14.1,6.0,456(-6),[À¾] µÜÅ°
7,8,7,11,¥Î¥¢¥­¥»¥­,ÌÆ3,53,²£»³Éð»Ë,2:03.3,1.1/4,10.0,5.0,458(-2),[Åì] Âç¹¾¸¶Å¯
8,9,2,2,¥Ï¥ë¥Î¥Ê¥´¥ê,ÌÆ3,54,ÀÐÀîÍµµª,2:03.4,3/4,87.4,9.0,424(-4),[À¾] ¹â¶¶µÁÃé
9,10,1,1,¥Ç¥ë¥Þ¥È¥ê¥¢¥Î¥ó,ÌÆ3,54,²®Ìî¶Ë,2:03.4,¥Ï¥Ê,174.7,11.0,448(-10),[Åì] ¾®Ìî¼¡Ïº
10,11,6,9,¥×¥í¡¼¥¹,²´3,53,¿û¸¶ÌÀÎÉ,2:03.7,1.3/4,84.2,8.0,478(+2),[Åì] ¹âÌÚÅÐ
11,12,4,5,¥Þ¥ß¡¼¥Õ¥£¥ó¥¬¡¼,ÌÆ3,54,²£»³ÏÂÀ¸,2:03.7,¥¢¥¿¥Þ,186.4,12.0,434(0),[Åì] ¿åÌîµ®¹­
12,13,8,13,¥ô¥§¥ë¥È¥é¥¦¥ó,²´3,56,¸ÅÀîµÈÍÎ,2:03.7,¥¯¥Ó,100.8,10.0,424(0),[À¾] ºä¸ýÃÒ¹¯
13,14,3,4,¥¢¥Ó¥È¥ì¥¤¥¿,²´3,56,Âã¹°¿Í,2:04.4,4,223.2,13.0,504(-4),[À¾] ¿¹ÅÄÄ¾¹Ô
0,1,1,1,¥¨¥¤¥ê¥¢¥¹,²´2,54,¼Æ»³Íº°ì,1:31.1,,10.7,4.0,466(0),[À¾] Àõ¸«½¨°ì
1,2,7,8,¥¤¥ó¥×¥ë¥½,²´2,54,Âã¹°¿Í,1:31.1,¥¯¥Ó,67.0,8.0,448(0),[Åì] ¾¾»³¾­¼ù
2,3,3,3,¥¢¥ë¥Õ¥¡¥¦¥§¡¼¥Ö,²´2,54,¥ë¥á¡¼¥ë,1:31.1,¥¢¥¿¥Þ,1.5,1.0,516(0),[Åì] Æ£ÂôÏÂÍº
3,4,4,4,¥Ý¡¼¥«¡¼¥¯¥¤¡¼¥ó,ÌÆ2,54,¾¾ÅÄÂçºî,1:31.2,1/2,7.0,3.0,430(0),[À¾] ¿Ü³­¾°²ð
4,5,2,2,¥¦¥¤¥ó¥»¥ì¥Ê¡¼¥É,ÌÆ2,54,¾¾²¬Àµ³¤,1:31.4,3/4,5.2,2.0,456(0),[À¾] ²ÃÍÑÀµ
5,6,5,5,¥µ¥¤¥â¥ó¥ë¥°¥é¥ó,²´2,54,¾¡±ºÀµ¼ù,1:31.8,2.1/2,18.8,5.0,476(0),[Åì] Àª»ÊÏÂ¹À
6,7,8,9,¥¯¥ì¥Ñ¥È,ÌÆ2,54,µÈÅÄÈ»¿Í,1:32.1,2,26.9,6.0,468(0),[À¾] ÌðºîË§¿Í
7,8,8,10,¥ª¡¼¥±¡¼¥á¥¸¥ã¡¼,²´2,54,ÀÐÀîÍµµª,1:32.3,1.1/4,42.7,7.0,458(0),[À¾] ±üÂ¼Ë­
8,9,7,7,¥¸¥§¥Ã¥Æ¥£¡¼,²´2,54,¹ñÊ¬¶³²ð,1:32.6,2,106.1,10.0,430(0),[À¾] Åò·¦¹¬Íº
9,Ãæ,6,6,¥«¥Æ¥É¥é¥ë¥í¥Ã¥¯,ÌÆ2,54,¸ÅÀîµÈÍÎ,,,96.3,9.0,412(0),[Åì] ÀÐÌÓÁ±É§
0,1,8,8,¥À¥¤¥ä¥ì¥¤¥¸¥ó¥°,ÌÆ3,54,´äÅÄ¹¯À¿,1:46.9,,8.6,5.0,444(-4),[À¾] ¾®ºê·û
1,2,5,5,¥·¥²¥ë¥¯¥í¥À¥¤¥ä,²´3,56,¸ÅÀîµÈÍÎ,1:46.9,¥¯¥Ó,2.2,1.0,496(+4),[À¾] Ã«·é
2,3,2,2,¥Ô¥¨¥Ê¥¬¥¦¥Ç¥£,²´3,56,¾ë¸ÍµÁÀ¯,1:47.2,1.1/2,95.0,8.0,432(-4),[À¾] ±üÂ¼Ë­
3,4,4,4,¥³¥ó¥·¡¼¥É,²´3,56,Ã°ÆâÍ´¼¡,1:47.5,1.3/4,3.8,2.0,454(-12),[Åì] Å·´Ö¾¼°ì
4,5,6,6,¥ë¥ë¥É,²´3,56,²®Ìî¶Ë,1:47.8,2,13.7,6.0,416(-11),[À¾] ¿ù»³À²µª
5,6,3,3,¥ª¥¦¥±¥ó¥¹¥¿¡¼¥Þ¥ó,²´3,53,ÃÄÌîÂçÀ®,1:47.8,¥Ï¥Ê,6.9,4.0,478(-2),[À¾] Æ£²¬·ò°ì
6,7,7,7,¥¨¥á¥é¥ë¥É¥«¥Ã¥È,ÌÆ3,54,Åª¾ìÍ¦¿Í,1:48.4,4,47.5,7.0,476(-4),[Åì] Åª¾ì¶Ñ
7,Ãæ,1,1,¥Ð¥Ù¥ë¥Î¥È¥¦,²´3,56,¼Æ»³Íº°ì,,,5.4,3.0,504(+8),[Åì] ÂçÏÂÅÄÀ®
0,1,7,8,¥Þ¥¤¥Í¥ë¥Ð¥È¥¥¡¼¥¿,²´3,54,Ã°ÆâÍ´¼¡,0:58.5,,1.8,1.0,476(-12),[Åì] ¹â¶¶¾ÍÂÙ
1,2,4,4,¥¨¥ë¥Ô¥É,²´3,54,¾¡±ºÀµ¼ù,0:58.6,1/2,28.0,9.0,450(-10),[Åì] À¶¿å±Ñ¹î
2,3,6,7,¥×¥ê¥ó¥»¥¹¥è¥¦¥¯,ÌÆ5,55,Âã¹°¿Í,0:58.8,1.1/2,52.0,11.0,446(-2),[Åì] ÀÐ·ªÎ¶É§
3,4,3,3,¥Ú¥¤¥·¥ã¥Ç¥£¥¢,ÌÆ4,55,²£»³ÏÂÀ¸,0:58.9,1/2,20.6,6.0,440(-2),[Åì] ÅÚÅÄÌ­
4,5,8,10,¥¿¥¤¥­¥é¥á¡¼¥ë,²´6,57,²®ÌîÂö¿¿,0:58.9,¥¢¥¿¥Þ,8.4,3.0,478(+2),[À¾] Âçµ×ÊÝÎ¶
5,6,1,1,¥¯¥ê¥Î¥«¥µ¥Ã¥È,ÌÆ4,55,²ÃÆ£¾ÍÂÀ,0:59.1,1.1/4,34.8,10.0,436(-4),[À¾] Æ£ÂôÂ§Íº
6,7,5,5,¥é¥¬¡¼¥æ¥ß¥ê¥ó,ÌÆ5,55,ÃÓÅº¸¬°ì,0:59.3,1.1/4,12.4,5.0,458(-2),[À¾] ÃÓÅº·óÍº
7,8,2,2,¥Ï¡¼¥Ó¡¼¥Ü¥ó¥º,¥»4,57,µÈÅÄÈ»¿Í,0:59.5,1,25.6,8.0,430(+2),[Åì] ÃæÀî¸øÀ®
8,9,6,6,¥í¥·¥¢¥ó¥Ö¥ë¡¼,ÌÆ3,49,¿û¸¶ÌÀÎÉ,0:59.9,2.1/2,10.5,4.0,414(-14),[Åì] Éð»Ô¹¯ÃË
9,10,8,11,¥Ò¥í¥Î¥ª¥ê¥ª¥ó,ÌÆ4,55,´äÅÄ¹¯À¿,0:59.9,¥¯¥Ó,5.1,2.0,486(-2),[À¾] ¹â¶¶¹¯Ç·
10,11,7,9,¥Ø¡¼¥¶,ÌÆ4,55,¾ë¸ÍµÁÀ¯,1:00.5,3.1/2,25.1,7.0,430(-4),[À¾] ¹âÌøÂçÊå
0,1,2,2,¥Þ¡¼¥Þ¥ì¡¼¥É¥¬¡¼¥ë,ÌÆ3,52,Ã°ÆâÍ´¼¡,1:08.5,,4.3,3.0,456(-4),[Åì] ÃæÌî±É¼£
1,2,5,6,¥ô¥£¡¼¥Ê¥¹¥Õ¥í¡¼¥é,ÌÆ5,55,Æ£²¬¹¯ÂÀ,1:08.6,3/4,6.1,4.0,490(-6),[À¾] ¿Ü³­¾°²ð
2,3,5,5,¥Õ¥¡¥ó¥·¥ã¥ó,ÌÆ3,49,ÃÄÌîÂçÀ®,1:08.6,¥¯¥Ó,21.6,8.0,414(-6),[Åì] È«»³µÈ¹¨
3,4,1,1,¥Ö¥é¥¦¥ó¥í¡¼¥º,ÌÆ5,55,¾¡±ºÀµ¼ù,1:08.6,¥Ï¥Ê,21.3,7.0,480(-2),[Åì] ¹â¶¶Íµ
4,5,6,8,¥³¥ë¥Ç¥È¥¥¥ê¡¼¥Ë,ÌÆ3,52,É©ÅÄÍµÆó,1:08.7,1/2,3.3,1.0,438(+2),[À¾] ²¬ÅÄ°ðÃË
5,6,7,10,¥¹¥º¥«¥æ¡¼¥¹,ÌÆ3,49,¿û¸¶ÌÀÎÉ,1:08.8,¥¯¥Ó,13.3,6.0,446(-4),[Åì] °ËÆ£·½»°
6,7,7,9,¥Ñ¥ì¥Ë¥¢,ÌÆ3,52,¹ñÊ¬¶³²ð,1:08.8,¥¯¥Ó,9.1,5.0,490(-2),[À¾] ¹â¶¶Î¼
7,8,8,12,¥á¥¤¥·¥ç¥¦¥³¥ß¥Á,ÌÆ3,52,¸ÅÀîµÈÍÎ,1:08.9,1/2,106.3,10.0,440(-12),[À¾] ËÜÅÄÍ¥
8,9,8,11,¥É¥¥¥â¥ï¥¼¥ë,ÌÆ5,54,²£»³Éð»Ë,1:09.0,¥¯¥Ó,69.8,9.0,458(-6),[Åì] ÇôÃ«¾»±û
9,10,4,4,¥°¥Ã¥É¥ï¡¼¥É,ÌÆ4,55,´äÅÄ¹¯À¿,1:09.2,1.1/2,3.9,2.0,478(-10),[À¾] ¹â¶¶µÁÃé
10,11,6,7,¥Ç¥£¥¢¥Ð¥Ó¥¢¥Ê,ÌÆ4,55,Åª¾ìÍ¦¿Í,1:09.6,2.1/2,148.0,11.0,476(0),[Åì] ¹â¶¶Íµ
11,½ü,3,3,¥·¥ç¥¦¥Ê¥ó¥Ð¥Ë¥é,ÌÆ3,52,ÃÓÅº¸¬°ì,,,---,,414(-12),[Åì] Éð»Ô¹¯ÃË
0,1,3,3,¥è¥Ï¥ó,²´3,54,¸ÅÀîµÈÍÎ,1:45.1,,1.7,1.0,432(+2),[À¾] ¹â¶¶¹¯Ç·
1,2,6,6,¥ª¥á¥¬¥ì¥¤¥ó¥Ü¡¼,²´3,54,´äÅÄ¹¯À¿,1:45.3,1.1/4,5.1,2.0,448(+6),[À¾] °ÂÅÄæÆ¸à
2,3,7,8,¥·¥ó¥¢¥ó¥É¥±¥ó,²´4,57,²£»³Åµ¹°,1:45.4,3/4,6.3,3.0,484(-4),[À¾] ËÜÅÄÍ¥
3,4,5,5,¥¬¥È¡¼¥Ö¥ê¥é¥ó¥Æ,ÌÆ4,54,²£»³Éð»Ë,1:45.6,1.1/4,11.0,5.0,474(+12),[Åì] Ãæ´Ü±ÑÆó
4,5,4,4,¥³¥¹¥â¥Ï¥ä¥Æ,²´3,54,Ã°ÆâÍ´¼¡,1:45.9,2,58.9,8.0,454(+2),[Åì] ¾®Ìî¼¡Ïº
5,6,2,2,¥Ë¥·¥Î¥¢¥á¥¤¥º,ÌÆ3,49,¿û¸¶ÌÀÎÉ,1:46.1,1,36.7,6.0,498(+4),[Åì] ¾¾»³¾­¼ù
6,7,1,1,¥ê¥­¥µ¥ó¥´¥ë¥È,²´4,57,¼Æ»³Íº°ì,1:46.2,1/2,107.4,9.0,492(-4),[Åì] ±üÊ¿²í»Î
7,8,8,9,¥í¡¼¥É¥é¥Ê¥­¥é,²´4,57,Æ£²¬Í¤²ð,1:46.5,2,6.7,4.0,446(-8),[À¾] ¹âÌîÍ§ÏÂ
8,9,8,10,¥¹¡¼¥Ú¥ë¥´¥é¥Ã¥½,²´3,51,ÃÄÌîÂçÀ®,1:47.1,3.1/2,53.2,7.0,504(+2),[À¾] ²ÃÍÑÀµ
9,10,7,7,¥Ñ¡¼¥¯¥¹,ÌÆ3,52,¸¶ÅÄÏÂ¿¿,1:47.3,1.1/2,215.0,10.0,526(+2),[Åì] ¸Å²ì»ËÀ¸
0,1,5,5,¥«¥ë¥ê¡¼¥Î,²´3,54,´äÅÄ¹¯À¿,1:28.3,,2.1,1.0,492(-6),[Åì] ¹â¶¶Íµ
1,2,8,9,¥é¥Õ¥§¥ê¥·¥Æ,ÌÆ3,52,Æ£²¬¹¯ÂÀ,1:28.6,1.3/4,4.5,3.0,426(+14),[À¾] ¿Ü³­¾°²ð
2,3,1,1,¥»¥ó¥È¥»¥·¥ê¥¢,ÌÆ3,52,µÈÅÄÈ»¿Í,1:28.7,1/2,22.6,7.0,390(+4),[À¾] ÌðºîË§¿Í
3,4,7,7,¥Õ¥¡¥¹¥È¥é¥¤¥Õ,ÌÆ4,55,²£»³Éð»Ë,1:28.9,1.1/2,6.9,4.0,450(-6),[Åì] ÀÄÌÚ¹§Ê¸
4,5,4,4,¥Ò¥í¥Î¥ª¥¦¥«¥ó,²´4,57,ÀîÅç¿®Æó,1:29.1,1.1/2,184.7,10.0,430(-14),[Åì] éâÌ¾Íø¹°
5,6,8,10,¥°¥ì¥¤¥¹¥¢¥ó,ÌÆ3,52,ÃÓÅº¸¬°ì,1:29.2,¥¯¥Ó,4.0,2.0,484(-14),[Åì] ºØÆ£À¿
6,7,6,6,¥»¥ó¥Æ¥£¥Õ¥©¥ê¥¢,ÌÆ4,55,¹ñÊ¬¶³²ð,1:29.4,1.1/4,22.3,6.0,432(+8),[À¾] ÅÄ½ê½¨¹§
7,8,3,3,¥Ñ¥Ö¥í¥Õ¥Æ¥½¡¼¥í,²´3,54,Âã¹°¿Í,1:30.3,5,31.3,8.0,532(+14),[Åì] Éð°æÎ¼
8,9,2,2,¥¤¥Ã¥Ä¥Þ¥¤¥¿¡¼¥ó,²´4,57,¼Æ»³Íº°ì,1:31.6,8,18.7,5.0,502(-6),[Åì] Å·´Ö¾¼°ì
9,10,7,8,¥Þ¥Ã¥Á¥ç¥Ù¥ê¡¼,ÌÆ4,55,¾¡±ºÀµ¼ù,1:33.1,9,146.1,9.0,474(-6),[Åì] ÃæÌî±É¼£
0,1,6,9,¥¦¥¤¥ó¥·¥ã¥È¥ì¡¼¥Ì,ÌÆ5,52,²£»³Éð»Ë,1:46.4,,10.2,4.0,506(+8),[À¾] Âçµ×ÊÝÎ¶
1,2,3,3,¥Ï¥Ê¥º¥ì¥¸¥§¥ó¥É,²´6,55,ÀîÅç¿®Æó,1:46.4,¥¯¥Ó,40.6,11.0,454(-4),[À¾] ÌðºîË§¿Í
2,3,4,5,¥¦¥¤¥ó¥¤¥¯¥·¡¼¥É,²´5,54,¾¾²¬Àµ³¤,1:46.4,¥Ï¥Ê,5.6,2.0,490(0),[Åì] ÎëÌÚ¿­¿Ò
3,4,5,8,¥Ö¥ì¥¹¥Æ¥¤¥­¥ó¥°,²´4,57,¥ë¥á¡¼¥ë,1:46.4,¥Ï¥Ê,1.8,1.0,490(+6),[Åì] ËÙÀë¹Ô
4,5,6,10,¥µ¥ó¥Æ¥£¡¼¥ë,ÌÆ5,54,ÃÓÅº¸¬°ì,1:46.5,1/2,9.2,3.0,480(-6),[Åì] ¼¯¸ÍÍº°ì
5,6,1,1,¥¹¥ê¡¼¥Þ¥­¥·¥Þ¥à,²´8,54,¾¾ÅÄÂçºî,1:46.7,1.1/2,29.5,8.0,508(-10),[À¾] ¹â¶¶¹¯Ç·
6,7,3,4,¥´¡¼¥ë¥É¥®¥¢,²´4,55,¸ÅÀîµÈÍÎ,1:46.8,¥¯¥Ó,16.0,6.0,464(-14),[Åì] °ËÆ£·½»°
7,8,5,7,¥í¥é¥¤¥Þ,¥»6,56,Æ£²¬¹¯ÂÀ,1:46.9,3/4,37.0,9.0,446(-14),[À¾] ¾¾ÅÄ¹ñ±Ñ
8,9,2,2,¥Ú¥¤¥É¥á¥ë¥ô¥§¥¤¥æ,ÌÆ5,52,ÃÄÌîÂçÀ®,1:47.0,1/2,27.0,7.0,468(-8),[Åì] Æ£ÂôÏÂÍº
9,10,4,6,¥×¥í¥Õ¥§¥Ã¥È,¥»6,56,Æ£²¬Í¤²ð,1:47.2,1.1/4,45.7,13.0,468(-10),[À¾] ÃÓ¹¾ÂÙ¼÷
10,11,8,13,¥É¥¥¡¼¥«,²´6,54,¾¡±ºÀµ¼ù,1:47.2,¥¯¥Ó,15.6,5.0,494(-4),[À¾] ÌîÃæ¸­Æó
11,12,8,14,¥®¥Ö¥¢¥ó¥É¥Æ¥¤¥¯,¥»8,54,´äÅÄ¹¯À¿,1:47.4,1,56.3,14.0,474(-8),[Åì] ¼¯¸ÍÍº°ì
12,13,7,11,¥«¥ì¥ó¥·¥ê¥¨¡¼¥¸¥ç,ÌÆ4,52,ÀÐÀîÍµµª,1:47.8,2.1/2,37.3,10.0,484(0),[À¾] ÎëÌÚ¹§»Ö
13,14,7,12,¥µ¥¦¥ó¥É¥Ð¡¼¥Ë¥ó¥°,²´7,54,¹ñÊ¬¶³²ð,1:48.7,5,45.2,12.0,420(0),[À¾] °ÂÃ£¾¼É×
0,1,1,1,¥Ò¥·¥²¥Ã¥³¥¦,²´3,54,¥ë¥á¡¼¥ë,2:39.4,,1.6,1.0,486(+6),[Åì] ËÙÀë¹Ô
1,2,2,2,¥µ¥ó¥·¥í¥¦,²´5,57,¾¡±ºÀµ¼ù,2:39.7,2,18.0,5.0,496(+6),[Åì] ÊÁºê¹§
2,3,5,5,¥È¥í¥Ô¥«¥ë¥¹¥È¡¼¥à,¥»6,57,Æ£²¬¹¯ÂÀ,2:39.7,¥¯¥Ó,21.4,6.0,444(-4),[À¾] À¾Â¼¿¿¹¬
3,4,8,8,¥é¥¯¥í¡¼¥Á¥§,²´3,54,Æ£²¬Í¤²ð,2:39.9,1,4.4,2.0,454(-4),[À¾] ³ÑÅÄ¹¸°ì
4,5,7,7,¥ê¥ó¥Ç¥£¥¹¥Õ¥¡¡¼¥ó,²´4,57,¾¾ÅÄÂçºî,2:40.0,3/4,9.8,4.0,492(+4),[À¾] ¹â¶¶¹¯Ç·
5,6,4,4,¥¸¥ã¥Ç¥£¡¼¥É,²´4,57,¸ÅÀîµÈÍÎ,2:40.2,1.1/4,46.8,7.0,436(-20),[Åì] ¾®ÅçÌÐÇ·
6,7,8,9,¥Ï¥Ê¥¶¥«¥ê,ÌÆ4,55,²£»³Éð»Ë,2:40.5,1.3/4,54.0,8.0,486(-8),[Åì] ÇôÃ«¾»±û
7,8,6,6,¥é¥Ü¡¼¥Ê,¥»5,57,ÃÓÅº¸¬°ì,2:40.5,¥¯¥Ó,6.6,3.0,536(-8),[Åì] Æ£ÂôÏÂÍº
8,9,3,3,¥¯¥¢¥È¥ì¥Õ¥©¥¤¥ë,²´4,57,´äÅÄ¹¯À¿,2:44.8,Âç,71.4,9.0,492(+2),[Åì] °ð³À¹¬Íº
0,1,1,1,¥¢¥á¡¼¥¸¥ó¥°¥µ¥ó,²´2,54,¥ë¥á¡¼¥ë,1:09.1,,1.3,1.0,456(-2),[Åì] ±üÂ¼Éð
1,2,3,3,¥»¥¤¥é¥Ö¥ß¡¼,ÌÆ2,54,»°±º¹ÄÀ®,1:09.9,5,12.6,4.0,458(-4),[Åì] °ËÆ£Âç»Î
2,3,5,5,¥×¥í¥ô¥£¥Ç¥ó¥¹,²´2,53,²£»³Éð»Ë,1:10.1,3/4,51.7,7.0,468(-8),[Åì] ²ÃÆ£»ÎÄÅ
3,4,6,6,¥«¥ß¡¼¥Î,²´2,54,´äÅÄ¹¯À¿,1:10.2,3/4,7.5,3.0,478(+4),[À¾] À¶¿åµ×»ì
4,5,7,7,¥¢¡¼¥Þ¡¼¥Ð¥í¡¼¥º,²´2,54,ÉðË­,1:10.4,1.1/4,5.7,2.0,456(+2),[À¾] ¾åÂ¼ÍÎ¹Ô
5,6,2,2,¥Ë¥¸¥å¥Ã¥±¥ó¥É¡¼¥í,²´2,54,ÃÓÅº¸¬°ì,1:10.4,¥¢¥¿¥Þ,17.7,5.0,414(-8),[Åì] ÌÚÂ¼Å¯Ìé
6,7,4,4,¥ª¡¼¥ô¥¡¥ë,²´2,54,¾¾²¬Àµ³¤,1:11.8,9,46.7,6.0,488(-8),[Åì] ¸Å²ì»ËÀ¸
0,1,7,8,¥¸¡¼¥¬¡¼¥í¡¼¥ì¥ó¥¹,ÌÆ3,51,¿û¸¶ÌÀÎÉ,0:58.7,,8.5,5.0,486(0),[Åì] Éð»Ô¹¯ÃË
1,2,2,2,¥´¡¼¥ë¥Ç¥ó¥Á¥ç¥¤¥¹,²´3,56,É©ÅÄÍµÆó,0:58.9,1.1/4,3.7,2.0,458(+6),[Åì] ÉðÆ£Á±Â§
2,3,7,7,¥Ó¡¼¥Ó¡¼¥¢¥é¥¤¥ô,ÌÆ3,54,»°±º¹ÄÀ®,0:59.5,4,8.1,4.0,448(+4),[Åì] ¹âÌø¿ð¼ù
3,4,8,9,¥á¥¤¥·¥ç¥¦¥ï¥­¥¶¥·,²´3,56,ÃÓÅº¸¬°ì,0:59.6,¥¯¥Ó,6.5,3.0,468(-4),[À¾] ÃÓÅº·óÍº
4,5,8,10,¥Õ¥í¥ì¥ó¥¶¡¼¥ë,ÌÆ3,54,Æ£²¬¹¯ÂÀ,0:59.7,1/2,2.3,1.0,472(-6),[À¾] ËÒ±º½¼ÆÁ
5,6,6,6,¥í¡¼¥¼¥ó¥ª¥ë¥Ç¥ó,ÌÆ3,54,ÀÐÀîÍµµª,1:00.3,3.1/2,14.8,6.0,410(-2),[Åì] ÎÓÅ°
6,7,5,5,¥É¥é¥´¥ó¥¨¥Ê¥¸¡¼,²´3,53,ÃÄÌîÂçÀ®,1:00.4,1/2,34.9,7.0,460(+10),[Åì] Âç¹¾¸¶Å¯
7,8,4,4,¥Ç¥ë¥Þ¥¸¥å¥Ù¥ë¥Ë¡¼,²´3,56,Ã°ÆâÍ´¼¡,1:00.5,¥¯¥Ó,39.8,9.0,478(-6),[Åì] Éð»Ô¹¯ÃË
8,9,3,3,¥Ï¡¼¥â¥Ë¡¼¥½¡¼¥É,²´3,56,²£»³ÏÂÀ¸,1:00.8,2,35.4,8.0,522(-2),[Åì] ÅÚÅÄÌ­
9,10,1,1,¥ä¥Þ¥Ë¥ó¥Ò¥é¥½¥ë,ÌÆ3,53,²£»³Éð»Ë,1:01.5,4,77.4,10.0,466(-8),[À¾] À¾¶¶Ë­¼£
0,1,5,5,¥®¥Õ¥È¥ª¥Ö¥¢¡¼¥È,ÌÆ3,54,»°±º¹ÄÀ®,1:45.9,,1.4,1.0,476(-4),[Åì] ¹âÌø¿ð¼ù
1,2,7,7,¥Î¡¼¥ê¥ß¥Ã¥Ä,²´3,56,¸ÅÀîµÈÍÎ,1:46.2,2,13.6,4.0,430(-2),[À¾] ÌÚ¸¶°ìÎÉ
2,3,1,1,¥¹¥ê¡¼¥ô¥ê¡¼¥°,²´3,55,²£»³Éð»Ë,1:47.0,5,5.0,2.0,504(+2),[Åì] ÉðÆ£Á±Â§
3,4,8,8,¥é¥­¥¨¥¹¥È¥Ð¥¤¥ª,ÌÆ3,54,Âã¹°¿Í,1:47.7,4,15.6,5.0,448(+6),[À¾] ÅÏÊÕ·°É§
4,5,4,4,¥ì¥ë¥·¥å¥¿¡¼¥×,²´3,56,µÈÅÄÈ»¿Í,1:47.9,1,24.8,8.0,446(-2),[À¾] µÈÅÄÄ¾¹°
5,6,8,9,¥ª¡¼¥ë¥É¥Ü¥ó¥Ð¡¼,²´3,56,´äÅÄ¹¯À¿,1:48.1,1.1/4,18.7,6.0,470(-3),[À¾] ÌðºîË§¿Í
6,7,2,2,¥¦¥¤¥ó¥´¥é¥¤¥¢¥¹,²´3,56,Ã°ÆâÍ´¼¡,1:48.2,3/4,13.5,3.0,538(+2),[Åì] ÂçÏÂÅÄÀ®
7,8,3,3,¥¢¥Æ¥ó¥°¥í¡¼¥ê¡¼,²´3,53,ÃÄÌîÂçÀ®,1:48.4,1.1/4,45.5,9.0,458(-4),[À¾] Ã«·é
8,9,6,6,¥¨¥¹¥È¥ê¥ë,ÌÆ3,54,Æ£²¬¹¯ÂÀ,1:49.2,5,22.3,7.0,490(+2),[À¾] ±üÂ¼Ë­
0,1,5,7,¥¹¥ê¡¼¥«¥Ê¥í¥¢¡¼,²´3,56,¼Æ»³Íº°ì,1:28.5,,3.0,1.0,506(-2),[À¾] Æî°æ¹îÌ¦
1,2,4,5,¥¯¥í¥é¥ó¥µ¥¹,ÌÆ3,53,²£»³Éð»Ë,1:28.6,1/2,5.0,2.0,406(0),[À¾] ¾¾±Ê´´É×
2,3,7,10,¥Æ¥£¥ì¥Ë¥¢,ÌÆ3,54,Æ£²¬Í¤²ð,1:28.8,1,8.9,5.0,444(-4),[À¾] ¹â¶¶Î¼
3,4,8,12,¥½¥ë¥Ñ¥·¥ª¥ó,²´3,56,¾¾²¬Àµ³¤,1:28.8,¥¯¥Ó,23.2,7.0,478(0),[Åì] Ãæ´Ü±ÑÆó
4,5,5,6,¥°¥ì¥¤¥·¥ã¥¹¥®¥ã¥ë,ÌÆ3,54,ÀîÅÄ¾­²í,1:29.0,1.1/4,5.3,4.0,416(0),[À¾] ÃæÆâÅÄ½¼
5,6,1,1,¥µ¥È¥Î¥×¥í¥ß¥Í¥ó¥È,¥»3,56,¾¡±ºÀµ¼ù,1:29.3,1.3/4,32.5,9.0,416(-16),[Åì] Åª¾ì¶Ñ
6,7,6,8,¥é¥ó¥é¥ó¥¦¥¤¥ó¥°,ÌÆ3,54,Æ£²¬¹¯ÂÀ,1:29.4,1/2,5.0,3.0,470(+16),[À¾] º£ÌîÄç°ì
7,8,3,3,¥ï¥¤¥ë¥É¥ª¡¼¥­¥Ã¥É,ÌÆ3,54,Ã°ÆâÍ´¼¡,1:29.5,1/2,28.9,8.0,400(+2),[Åì] ´ä¸Í¹§¼ù
8,9,8,13,¥·¥å¥ó¥«¥¸¥ç¥¦,ÌÆ3,54,ÉðË­,1:30.0,3,14.2,6.0,430(-6),[À¾] Æ£²¬·ò°ì
9,10,4,4,¥­¥å¡¼¥È¥¢¥¯¥È¥ì¥¹,ÌÆ3,54,¸ÅÀîµÈÍÎ,1:30.2,1.1/2,131.7,11.0,406(+16),[Åì] ÀÐÌÓÁ±É§
10,11,6,9,¥Ü¡¼¥º¥­¥ã¥Ã¥È,ÌÆ3,51,ÃÄÌîÂçÀ®,1:30.2,¥¢¥¿¥Þ,152.0,12.0,446(-12),[À¾] µÜÅ°
11,12,2,2,¥ë¥Ñ¥ó¥¹¡¼¥ë,ÌÆ3,51,¿û¸¶ÌÀÎÉ,1:30.4,1.1/4,210.6,13.0,440(+8),[Åì] °ËÆ£·½»°
12,13,7,11,¥µ¥È¥Î¥¨¥ì¡¼¥Ê,ÌÆ3,54,ÃÓÅº¸¬°ì,1:30.9,3,34.7,10.0,434(+4),[À¾] ¹â¶¶¹¯Ç·
0,1,7,7,¥ì¥¶¥Í¥Õ¥©¡¼¥ë,²´2,54,»°±º¹ÄÀ®,1:53.3,,1.8,1.0,444(0),[À¾] ÃÓ¹¾ÂÙ¼÷
1,2,1,1,¥Þ¥¤¥Í¥ë¥Ö¥é¥·¥¦¥¹,²´2,54,Ã°ÆâÍ´¼¡,1:53.3,¥¯¥Ó,7.4,3.0,464(0),[Åì] Èø´ØÃÎ¿Í
2,3,4,4,¥ê¥È¥ë¥Þ¥ó¥Þ¥ß¡¼¥¢,ÌÆ2,54,ÉðË­,1:53.4,¥¯¥Ó,13.0,6.0,442(0),[Åì] ¼¯¸ÍÍº°ì
3,4,3,3,¥¤¥ó¥¦¥£¥¯¥È¥¹,²´2,54,²®Ìî¶Ë,1:53.4,¥¯¥Ó,122.6,9.0,440(0),[Åì] ¾®É°»³¸ç
4,5,8,9,¥ì¥¤¥³¥Ã¥¯¥¢¥Ó¡¼,²´2,54,ÃÓÅº¸¬°ì,1:53.5,1/2,9.3,5.0,468(0),[Åì] ÂçÃÝÀµÇî
5,6,8,8,¥­¥ó¥Ö¥ì¥ë,²´2,54,´äÅÄ¹¯À¿,1:53.6,1/2,7.8,4.0,448(0),[Åì] ÌðÌî±Ñ°ì
6,7,5,5,¥»¥ë¥Õ¥£¡¼,ÌÆ2,54,¥ë¥á¡¼¥ë,1:53.7,¥¯¥Ó,6.0,2.0,466(0),[Åì] Æ£ÂôÏÂÍº
7,8,2,2,¥Þ¥ë¥¿¥¯¥í¥¹,²´2,54,²£»³ÏÂÀ¸,1:54.1,2.1/2,52.4,7.0,490(0),[À¾] ¾¾±Ê´´É×
8,9,6,6,¥À¥Ö¥ë¥¹¥«¡¼¥ì¥Ã¥È,ÌÆ2,53,²£»³Éð»Ë,1:57.8,Âç,59.5,8.0,456(0),[À¾] ÀéÅÄµ±É§
0,1,8,13,¥»¥é¥ó,ÌÆ2,54,ÉðË­,1:48.7,,2.0,1.0,478(0),[À¾] ¾¾±Ê´´É×
1,2,3,3,¥ä¥¦¥¬¥¦,²´2,54,¥ë¥á¡¼¥ë,1:48.8,3/4,3.9,2.0,452(0),[À¾] ¿Ü³­¾°²ð
2,3,6,9,¥³¥Ð¥ë¥È¥¦¥£¥ó¥°,²´2,54,»°±º¹ÄÀ®,1:49.0,1.1/2,5.4,3.0,514(0),[Åì] Çë¸¶À¶
3,4,5,7,¥Õ¥é¡¼¥ì¥ó,ÌÆ2,54,Æ£²¬¹¯ÂÀ,1:49.3,1.3/4,9.4,4.0,502(0),[À¾] ËÒÅÄÏÂÌï
4,5,8,14,¥¢¥¤¥ë¥Ó¡¼¥á¥¸¥ã¡¼,²´2,54,Ã°ÆâÍ´¼¡,1:49.5,1.1/2,198.1,14.0,456(0),[Åì] °ËÆ£¿­°ì
5,6,5,8,¥Ç¥ë¥Þ¥ª¥Ë¥­¥¹,²´2,54,²£»³ÏÂÀ¸,1:49.6,¥¯¥Ó,84.7,11.0,458(0),[Åì] Àª»ÊÏÂ¹À
6,7,7,12,¥Ï¥ä¥Ö¥µ¥Ô¥¢¡¼¥Î,ÌÆ2,54,µÈÅÄÈ»¿Í,1:50.0,2.1/2,77.5,10.0,448(0),[Åì] ¹âÌø¿ð¼ù
7,8,7,11,¥¹¥¦¥§¥¢¡¼,²´2,53,²£»³Éð»Ë,1:50.7,4,35.8,5.0,492(0),[Åì] ¿ù±º¹¨¾¼
8,9,6,10,¥Ç¥ë¥Þ¥È¥ë¥Þ¥ê¥ó,ÌÆ2,51,ÃÄÌîÂçÀ®,1:51.6,5,98.1,12.0,460(0),[À¾] ËÒÅÄÏÂÌï
9,10,3,4,¥´¡¼¥ó¥Û¡¼¥à,²´2,54,²®Ìî¶Ë,1:51.8,1.1/2,63.1,8.0,456(0),[À¾] ¹âÌøÂçÊå
10,11,4,5,¥°¥ì¥¤¥È¥µ¥ó¥Ç¥£¡¼,ÌÆ2,54,´äÅÄ¹¯À¿,1:52.0,1.1/4,45.9,6.0,432(0),[Åì] ÌðÌî±Ñ°ì
11,12,4,6,¥á¥¤¥·¥ç¥¦¥Õ¥ë¥µ¥È,²´2,54,ÃÓÅº¸¬°ì,1:52.2,1.1/2,72.0,9.0,480(0),[À¾] À¾±º¾¡°ì
12,13,2,2,¥Ç¥£¡¼¥¨¥¹¥µ¥ó¥À¡¼,²´2,54,¾¡±ºÀµ¼ù,1:53.0,5,49.8,7.0,442(0),[Åì] Æ£¸¶Ã¤Íº
13,14,1,1,¥­¥ã¥×¥Æ¥ó¥«¡¼¥¯,²´2,54,¾¾ÅÄÂçºî,1:55.7,Âç,125.0,13.0,436(0),[À¾] ¹â¶¶¹¯Ç·
0,1,4,4,¥¯¥é¥µ¡¼¥ô¥£¥Ä¥¡,ÌÆ3,52,»°±º¹ÄÀ®,2:00.9,,3.1,2.0,444(-4),[Åì] Éð°æÎ¼
1,2,7,7,¥À¥ó¥¹¥í¥Þ¥Í¥¹¥¯,ÌÆ3,49,¿û¸¶ÌÀÎÉ,2:01.2,1.3/4,7.9,4.0,464(0),[Åì] ¸ÍÅÄÇîÊ¸
2,3,1,1,¥­¥ó¥°¥Æ¥»¥¦¥¹,²´3,54,¥ë¥á¡¼¥ë,2:01.4,1.1/4,2.0,1.0,492(-6),[Åì] ÌÚÂ¼Å¯Ìé
3,4,5,5,¥Þ¥¤¥Í¥ë¥æ¥Ë¥Ö¥é¥ó,²´5,57,Ã°ÆâÍ´¼¡,2:01.6,1,24.5,6.0,522(+6),[Åì] ¹â¶¶Íµ
4,5,6,6,¥¢¥É¥Þ¥¤¥ä¥ê¡¼¥Ö¥é,²´3,54,´äÅÄ¹¯À¿,2:02.3,4,5.8,3.0,458(-2),[À¾] ÇßÅÄÃÒÇ·
5,6,3,3,¥Ô¡¼¥¹¥Õ¥ë¥µ¥ó¥Ç¡¼,²´3,54,Æ£²¬¹¯ÂÀ,2:02.4,1/2,16.6,5.0,444(-4),[À¾] µÜÅ°
6,7,2,2,¥é¥¹¥È¥×¥é¥¤¥É¥ï¥ó,²´5,57,¼Æ»³Íº°ì,2:03.3,5,66.1,8.0,478(+2),[Åì] ±üÂ¼Éð
7,8,8,9,¥µ¡¼¥¸¥å¥ß¥Î¥ë,²´4,56,²£»³Éð»Ë,2:03.6,1.3/4,61.2,7.0,470(-4),[À¾] ËÜÅÄÍ¥
8,9,8,8,¥­¥ó¥°¥Ý¥»¥¤¥É¥ó,²´4,57,ÀÐÀîÍµµª,2:03.6,¥Ï¥Ê,110.5,9.0,450(-12),[Åì] Éð»Ô¹¯ÃË
0,1,1,1,¥¦¥©¡¼¥¿¡¼¥Ñ¥ë¥Õ¥§,²´4,57,ÉðË­,1:48.4,,3.6,3.0,478(-2),[À¾] ÅÄ½ê½¨¹§
1,2,5,5,¥Þ¥¤¥Í¥ë¥¦¥£¥ë¥È¥¹,²´3,54,Ã°ÆâÍ´¼¡,1:48.4,¥¯¥Ó,2.9,2.0,476(+14),[À¾] µÜÅ°
2,3,4,4,¥¨¥ó¥·¥å¥é¥¦¥É,¥»3,54,¥ë¥á¡¼¥ë,1:48.6,1.1/2,2.0,1.0,470(-4),[Åì] Æ£ÂôÏÂÍº
3,4,2,2,¥°¥é¥ó¥Ä¥ê¥Ò¥¿¡¼,²´3,54,»°±º¹ÄÀ®,1:49.0,2.1/2,12.3,4.0,496(-8),[Åì] ÃæÀî¸øÀ®
4,5,7,7,¥¨¥Ô¥í¡¼¥°,ÌÆ3,52,²®Ìî¶Ë,1:49.4,2.1/2,19.5,5.0,458(-8),[À¾] ¾®ºê·û
5,6,3,3,¥µ¥¤¥â¥ó¥ë¥Á¥¢¡¼¥Î,²´4,57,Âã¹°¿Í,1:49.9,3,147.5,7.0,492(+6),[Åì] ÅÄÃæÀ¶Î´
6,7,6,6,¥ß¥Ä¥ª¥µ¥¦¥¹¥Ý¡¼,²´4,57,ÃÄÌîÂçÀ®,1:49.9,¥¯¥Ó,98.3,6.0,522(-4),[Åì] Âç¹¾¸¶Å¯
0,1,7,9,¥ê¥Õ¥È¥È¥¥¥Ø¥ô¥ó,²´5,57,¥ë¥á¡¼¥ë,1:44.5,,1.8,1.0,486(+2),[Åì] ²ÃÆ£À¬¹°
1,2,2,2,¥é¥¤¥¸¥ó¥°¥É¥é¥´¥ó,²´4,57,ÉðË­,1:45.4,5,8.7,5.0,446(+20),[À¾] µÈÅÄÄ¾¹°
2,3,1,1,¥ª¥¦¥±¥ó¥¹¥¿¡¼¥À¥à,²´5,57,»°±º¹ÄÀ®,1:45.8,2.1/2,33.9,9.0,478(-4),[Åì] ¹ñ»Þ±É
3,4,7,10,¥­¥ó¥°¥¹¥¯¥í¥¹,²´4,57,Æ£²¬¹¯ÂÀ,1:45.9,¥¯¥Ó,24.4,7.0,472(-4),[À¾] Âçµ×ÊÝÎ¶
4,5,4,4,¥Õ¥¯¥Î¥ï¥¤¥ë¥É,²´3,54,²ÃÆ£¾ÍÂÀ,1:46.3,2.1/2,7.0,2.0,480(-2),[À¾] ¿ù»³À²µª
5,6,8,11,¥Ü¥ë¥ó¥«¥º¥Þ,²´3,53,²£»³Éð»Ë,1:46.6,1.3/4,7.0,3.0,488(-6),[Åì] ·ªÅÄÅ°
6,7,3,3,¥¤¥ó¥Ê¡¼¥Ï¡¼¥È,²´3,54,´äÅÄ¹¯À¿,1:46.6,¥¯¥Ó,7.4,4.0,522(+16),[À¾] µÈÂ¼·½»Ê
7,8,5,6,¥í¡¼¥É¥½¥ê¥¹¥È,²´5,54,ÃÄÌîÂçÀ®,1:46.7,¥¯¥Ó,82.1,11.0,456(+4),[Åì] ÏÂÅÄÍ¦²ð
8,9,5,5,¥«¥ê¥Ö¥á¡¼¥«¡¼,ÌÆ4,55,µÈÅÄÈ»¿Í,1:46.8,3/4,37.2,10.0,510(0),[À¾] ²ÏÆâÍÎ
9,10,6,7,¥¦¥©¡¼¥¿¡¼¥Õ¥¡¥é¥ª,²´3,54,É©ÅÄÍµÆó,1:46.9,¥¯¥Ó,160.9,12.0,446(+4),[À¾] ²¬ÅÄ°ðÃË
10,11,8,12,¥¹¥×¥ê¥ó¥°¥Õ¥Ã¥È,²´5,57,¸¶ÅÄÏÂ¿¿,1:47.3,2.1/2,32.3,8.0,490(+10),[Åì] ¾®É°»³¸ç
11,12,6,8,¥Ç¥£¡¼¥×¥¹¥Ô¥ê¥Ã¥Ä,²´5,57,Ã°ÆâÍ´¼¡,1:47.3,¥¯¥Ó,23.9,6.0,458(-2),[À¾] ±©·îÍ§É§
0,1,1,1,¥ì¥Ã¥É¥ì¥°¥Ê¥ó¥È,ÌÆ4,55,ÃÓÅº¸¬°ì,1:28.1,,8.4,4.0,478(0),[Åì] ÂçÃÝÀµÇî
1,2,8,9,¥¹¥«¥ë¥Ð¥ó,²´5,57,µÈÅÄÈ»¿Í,1:28.2,3/4,19.0,7.0,516(+10),[Åì] Éð°æÎ¼
2,3,4,4,¥À¥Ö¥ë¥·¥ã¡¼¥×,²´4,57,¼Æ»³Íº°ì,1:28.2,¥¢¥¿¥Þ,2.5,1.0,492(+12),[À¾] ÅÏÊÕ·°É§
3,4,6,6,¥ï¡¼¥ë¥É¥Ø¥ê¥Æ¡¼¥¸,²´4,57,²£»³Åµ¹°,1:28.3,¥¯¥Ó,10.2,5.0,458(+4),[Åì] ¶âÀ®µ®»Ë
4,5,2,2,¥ª¡¼¥Ñ¥­¥ã¥Þ¥é¡¼¥É,ÌÆ3,52,²£»³Éð»Ë,1:28.5,1.1/4,13.1,6.0,486(+4),[À¾] ËÜÅÄÍ¥
5,6,8,8,¥ä¥Þ¥Ë¥ó¥Ú¥À¥é¡¼¥À,²´5,57,´äÅÄ¹¯À¿,1:28.5,¥¯¥Ó,4.2,3.0,474(+4),[À¾] Àõ¸«½¨°ì
6,7,3,3,¥¹¥¿¡¼¥¯¥Ë¥Ê¥¬,²´4,57,¾¾²¬Àµ³¤,1:28.7,1.1/4,30.9,8.0,440(0),[Åì] ·ªÅÄÅ°
7,8,7,7,¥¹¥º¥«¥¢¡¼¥Á¥¹¥È,ÌÆ4,55,Âã¹°¿Í,1:28.7,¥¢¥¿¥Þ,4.1,2.0,474(0),[Åì] °ËÆ£·½»°
8,9,5,5,¥¦¥©¡¼¥¿¡¼¥Ð¥ª¥Ð¥Ö,²´6,57,¹ñÊ¬¶³²ð,1:29.3,4,204.7,9.0,500(+4),[À¾] ²¬ÅÄ°ðÃË
0,1,8,13,¥ß¥Ã¥­¡¼¥Á¥ã¡¼¥à,ÌÆ4,56,ÀîÅÄ¾­²í,1:47.0,,2.3,1.0,456(+10),[À¾] ÃæÆâÅÄ½¼
1,2,4,6,¥¹¥«¡¼¥ì¥Ã¥È¥«¥é¡¼,ÌÆ4,55,´äÅÄ¹¯À¿,1:47.0,¥¯¥Ó,8.8,5.0,464(-6),[À¾] ¹â¶¶Î¼
2,3,8,14,¥«¥ê¥Ó¥¢¥ó¥´¡¼¥ë¥É,ÌÆ5,55,¼Æ»³Íº°ì,1:47.0,¥¢¥¿¥Þ,48.6,9.0,470(-6),[À¾] »­Åç°ìÊâ
3,4,7,12,¥¦¥é¥Ì¥¹¥Á¥ã¡¼¥à,ÌÆ4,55,Æ£²¬Í¤²ð,1:47.2,1.1/4,8.3,4.0,506(+10),[Åì] ºØÆ£À¿
4,5,7,11,¥¨¥¤¥·¥ó¥Æ¥£¥ó¥¯¥ë,ÌÆ6,55,ÉðË­,1:47.3,¥¯¥Ó,20.4,8.0,506(+6),[À¾] ¾åÂ¼ÍÎ¹Ô
5,6,1,1,¥µ¥È¥Î¥¬¡¼¥Í¥Ã¥È,ÌÆ4,55,¥ë¥á¡¼¥ë,1:47.4,1/2,6.6,3.0,430(+2),[À¾] ÌðºîË§¿Í
6,7,3,3,¥Õ¥í¥ó¥Æ¥¢¥¯¥¤¡¼¥ó,ÌÆ6,56,»°±º¹ÄÀ®,1:47.4,¥¢¥¿¥Þ,6.6,2.0,482(+2),[Åì] ¹ñ»Þ±É
7,8,4,5,¥á¥¤¥·¥ç¥¦¥·¥ç¥¦¥Ö,ÌÆ3,51,ÃÓÅº¸¬°ì,1:47.5,3/4,13.6,7.0,484(+2),[À¾] ÃÓÅº·óÍº
8,9,5,7,¥·¥ã¥ó¥Æ¥£¥í¡¼¥¶,ÌÆ5,55,Æ£²¬¹¯ÂÀ,1:47.6,¥¯¥Ó,77.7,12.0,482(-8),[À¾] ¾¾±Ê´´É×
9,10,5,8,¥Õ¥£¥Ë¥Õ¥Æ¥£,ÌÆ4,55,µÈÅÄÈ»¿Í,1:47.8,1.1/4,69.6,10.0,442(-8),[À¾] Æ£¸¶±Ñ¾¼
10,11,6,10,¥¦¥¤¥ó¥Õ¥¡¥Ó¥é¥¹,ÌÆ6,55,¾¾²¬Àµ³¤,1:47.8,¥¢¥¿¥Þ,158.7,14.0,472(-12),[Åì] È«»³µÈ¹¨
11,12,6,9,¥ê¥ó¥Ç¥£¡¼¥Û¥Ã¥×,ÌÆ4,55,²®Ìî¶Ë,1:48.0,1,106.4,13.0,470(+8),[Åì] ¶âÀ®µ®»Ë
12,13,2,2,¥ê¥ê¥Ã¥¯¥É¥é¥Þ,ÌÆ5,55,É©ÅÄÍµÆó,1:48.0,¥Ï¥Ê,69.7,11.0,466(+4),[À¾] ²¬ÅÄ°ðÃË
13,14,3,4,¥À¥Î¥ó¥°¥ì¡¼¥¹,ÌÆ4,55,éâÌ¾ÀµµÁ,1:48.4,2.1/2,10.7,6.0,424(+2),[Åì] ¹ñ»Þ±É
0,1,7,10,¥·¥Ù¥ê¥¦¥¹,²´6,57,²£»³ÏÂÀ¸,1:44.8,,15.8,5.0,470(-2),[Åì] Æ£¸¶Ã¤Íº
1,2,7,9,¥±¥ë¥Æ¥£¥Ã¥¯¥½¡¼¥É,²´6,57,»°±º¹ÄÀ®,1:44.9,1/2,8.2,4.0,490(+8),[À¾] ¿Ü³­¾°²ð
2,3,5,6,¥Õ¥©¥ë¥Ä¥¡¥¨¥Õ,²´4,57,ÉðË­,1:44.9,¥¢¥¿¥Þ,20.9,8.0,480(-2),[À¾] ¿¹½¨¹Ô
3,4,3,3,¥«¥Õ¥¸¥­¥ó¥°,²´6,57,Æ£²¬¹¯ÂÀ,1:45.0,1/2,2.4,1.0,470(+6),[À¾] ÃæÃÝÏÂÌé
4,5,1,1,¥µ¥¶¥ó¥Ö¥ê¡¼¥º,²´5,57,´äÅÄ¹¯À¿,1:45.0,¥¯¥Ó,3.6,2.0,524(-6),[À¾] ¶¶¸ý¿µ²ð
5,6,6,8,¥µ¥È¥Î¥²¥¤¥ë,²´4,57,Æ£²¬Í¤²ð,1:45.1,3/4,16.8,6.0,466(0),[À¾] ÃÓ¹¾ÂÙ¼÷
6,7,8,12,¥Æ¥¤¥¨¥à¥°¥Ã¥É¥Þ¥ó,²´5,57,¸ÅÀîµÈÍÎ,1:45.7,3.1/2,7.6,3.0,482(-4),[À¾] Éð±ÑÃÒ
7,8,8,11,¥á¥¤¥·¥ç¥¦¥¤¥Ã¥Ý¥ó,²´5,57,¼Æ»³Íº°ì,1:45.9,1.1/4,51.9,10.0,488(-4),[À¾] Âç¶¶Í¦¼ù
8,9,2,2,¥¿¥¤¥­¥À¥¤¥ä¥â¥ó¥É,²´5,57,¿û¸¶ÌÀÎÉ,1:45.9,¥Ï¥Ê,57.1,11.0,472(-2),[Åì] ¹âÌÚÅÐ
9,10,5,5,¥ê¥­¥µ¥ó¥À¥¤¥ª¡¼,²´6,57,²£»³Éð»Ë,1:46.1,1.1/4,87.6,12.0,466(0),[Åì] ±üÊ¿²í»Î
10,11,4,4,¥»¥¤¥ê¥¹¥Ú¥¯¥È,²´4,57,¹ñÊ¬¶³²ð,1:46.2,¥¯¥Ó,21.3,9.0,476(0),[À¾] Ä¹Ã«Àî¹À
11,12,6,7,¥á¥¤¥·¥ç¥¦¥Æ¥ó¥À¥ó,²´3,54,ÃÓÅº¸¬°ì,1:46.8,3.1/2,20.7,7.0,470(-2),[À¾] Æî°æ¹îÌ¦
0,1,3,3,¥­¥é¥Ã¥È¥À¥¤¥ä,ÌÆ2,51,ÃÄÌîÂçÀ®,1:00.0,,1.8,1.0,456(-4),[Åì] ¾å¸¶ÇîÇ·
1,2,2,2,¥¹¥È¥ì¥¬,ÌÆ2,51,¿û¸¶ÌÀÎÉ,1:00.2,1.1/4,26.2,7.0,448(-10),[Åì] ÀõÌîÍÎ°ì
2,3,6,6,¥¹¥Ô¡¼¥Ë¥Ç¥£¥í¡¼¥¶,ÌÆ2,54,ÀÐÀîÍµµª,1:00.8,3.1/2,5.5,2.0,444(+2),[Åì] Âç¹¾¸¶Å¯
3,4,4,4,¥Ç¥£¡¼¥¨¥¹¥×¥ë¡¼¥Õ,²´2,54,¥ë¥á¡¼¥ë,1:01.1,1.3/4,6.5,3.0,432(-8),[Åì] °ËÆ£·½»°
4,5,8,8,¥´¡¼¥ó¥Û¡¼¥à,²´2,54,²®Ìî¶Ë,1:01.1,¥¯¥Ó,14.8,5.0,454(-2),[À¾] ¹âÌøÂçÊå
5,6,5,5,¥Õ¥§¥¤¥Ð¥ê¥Ã¥È,²´2,54,¸¶ÅÄÏÂ¿¿,1:01.3,1,17.2,6.0,450(+4),[Åì] ¾®É°»³¸ç
6,7,1,1,¥¦¥¤¥ó¥Þ¡¼¥·¥ã¥ë,²´2,53,²£»³Éð»Ë,1:01.6,2,7.8,4.0,486(-2),[Åì] ÎëÌÚ¿­¿Ò
7,8,7,7,¥¢¥¤¥Ö¥é¥ó¥³,²´2,54,¼Æ»³Íº°ì,1:01.8,3/4,64.8,8.0,482(0),[Åì] ÃæÌî±É¼£
0,1,8,13,¥¢¥É¥Þ¥¤¥ä¥Ó¡¼¥Ê¥¹,ÌÆ3,54,´äÅÄ¹¯À¿,1:44.7,,9.0,5.0,466(-8),[À¾] ¿Ü³­¾°²ð
1,2,5,7,¥Ï¡¼¥È¥¦¥©¡¼¥ß¥ó¥°,ÌÆ3,54,µÈÅÄÈ»¿Í,1:45.3,4,5.9,4.0,432(-6),[À¾] ³ÑÅÄ¹¸°ì
2,3,2,2,¥×¥ê¥Þ¥ô¥©¥ë¥¿,ÌÆ3,54,¾¡±ºÀµ¼ù,1:45.5,1,42.4,12.0,418(0),[Åì] ÌðÌî±Ñ°ì
3,4,4,6,¥¹¥«¡¼¥ì¥Ã¥È¥µ¥¯¥é,ÌÆ3,54,ÀîÅç¿®Æó,1:45.6,3/4,12.1,7.0,494(-16),[À¾] µÜËÜÇî
4,5,7,11,¥¸¥å¡¼¥ó¥Ï¥ë¥¸¥ª¥ó,ÌÆ3,51,ÃÄÌîÂçÀ®,1:45.7,¥¯¥Ó,5.5,3.0,444(-8),[À¾] À¾±º¾¡°ì
5,6,6,10,¥â¡¼¥ó¥¹¥È¥ë¥à,ÌÆ3,54,Ã°ÆâÍ´¼¡,1:45.8,1/2,10.3,6.0,426(-2),[Åì] ¹â¶¶¾ÍÂÙ
6,7,7,12,¥Î¡¼¥Ö¥ë¥Æ¥é,ÌÆ3,51,¿û¸¶ÌÀÎÉ,1:46.3,3,4.1,1.0,480(-6),[Åì] µ×ÊÝÅÄµ®
7,8,3,3,¥«¥ê¥Ã¥µ,ÌÆ3,54,Æ£²¬¹¯ÂÀ,1:46.4,¥¯¥Ó,23.2,9.0,404(-8),[À¾] º´¡¹ÌÚ¾½
8,9,1,1,¥¬¡¼¥Ç¥ó¥³¥ó¥µ¡¼¥È,ÌÆ3,54,¥ë¥á¡¼¥ë,1:46.7,2,5.4,2.0,450(-4),[Åì] Èø´ØÃÎ¿Í
9,10,3,4,¥ß¥¹¥¸¥ã¥¹¥ß¥ó,ÌÆ3,54,²£»³ÏÂÀ¸,1:47.6,5,34.5,11.0,422(+2),[À¾] º«¹×
10,11,6,9,¥á¥¸¥ã¡¼¥»¥Ö¥ó¥¹,ÌÆ3,53,²£»³Éð»Ë,1:47.6,¥Ï¥Ê,30.3,10.0,476(+2),[Åì] ¾®³ÞÎÑ¹°
11,12,5,8,¥ê¥Ã¥×¥°¥í¥¹,ÌÆ3,54,ÃÓÅº¸¬°ì,1:48.0,2.1/2,21.9,8.0,426(-4),[À¾] °ÂÅÄÎ´¹Ô
12,13,8,14,¥Ñ¥ê¥Ã¥·¥å¥Ö¥ë¡¼,ÌÆ3,54,¾ë¸ÍµÁÀ¯,1:49.0,6,174.9,13.0,424(-12),[À¾] ¹ÓÀîµÁÇ·
13,14,4,5,¥ä¥Þ¥È¥Õ¥§¥Ë¥Ã¥¯¥¹,ÌÆ3,54,ÀÐÀîÍµµª,1:50.0,6,193.4,14.0,456(+2),[Åì] ÅÄÂ¼¹¯¿Î
0,1,2,4,¥Õ¥¯¥Î¥Ê¥ë¥Ü¥ó¥Ì,ÌÆ3,54,²£»³ÏÂÀ¸,1:09.1,,5.3,2.0,486(+8),[Åì] ¿ù±º¹¨¾¼
1,2,8,15,¥¢¥»¥ó¥À¥ó¥È,ÌÆ3,54,Ã°ÆâÍ´¼¡,1:09.1,¥¢¥¿¥Þ,2.3,1.0,436(-6),[Åì] ÅÄÅç½ÓÌÀ
2,3,1,2,¥Ð¡¼¥à¥Ö¥é¥Ã¥¯,ÌÆ3,54,¹ñÊ¬¶³²ð,1:09.3,1.1/4,21.1,6.0,434(0),[Åì] À¶¿å±Ñ¹î
3,4,1,1,¥´¡¼¥ë¥É¥¨¥¯¥»¥ë,ÌÆ3,51,ÃÄÌîÂçÀ®,1:09.4,1/2,49.5,10.0,424(-4),[Åì] ¿¼»³²í»Ë
4,5,3,5,¥Ö¥é¥¤¥È¥ó¥Æ¥½¡¼¥í,²´3,56,´äÅÄ¹¯À¿,1:09.4,¥¯¥Ó,6.3,4.0,468(-4),[Åì] ·ªÅÄÅ°
5,6,6,11,¥Æ¡¼¥ª¡¼¥¿¡¼¥²¥Ã¥È,²´3,56,Æ£²¬¹¯ÂÀ,1:09.8,2.1/2,13.6,5.0,486(-10),[À¾] Æ£²¬·ò°ì
6,7,4,7,¥¹¥È¥ì¥¤¥È¥¹¥¿¥¤¥ë,ÌÆ3,54,²®ÌîÂö¿¿,1:09.8,¥Ï¥Ê,95.3,13.0,408(-2),[Åì] ÀÄÌÚ¹§Ê¸
7,8,3,6,¥Õ¥¡¥ó¥·¡¼¥é¥ó,ÌÆ3,54,Âã¹°¿Í,1:09.9,1/2,70.0,12.0,418(-4),[Åì] ËÒ¸÷Æó
8,9,4,8,¥ª¥Ó¥ï¥ó¥º¥É¡¼¥ó,²´3,55,²£»³Éð»Ë,1:10.0,1/2,26.4,8.0,448(+4),[Åì] ¸Å²ì»ËÀ¸
9,10,2,3,¥¹¥È¥í¥ó¥°¥¬¥ë¥à,²´3,53,¿û¸¶ÌÀÎÉ,1:10.2,1.1/2,136.4,14.0,452(0),[Åì] µ×ÊÝÅÄµ®
10,11,5,9,¥»¥ì¡¼¥Í¥ï¥ë¥Ä,ÌÆ3,54,·¬Â¼¿¿ÌÀ,1:10.3,¥¯¥Ó,311.7,15.0,410(-8),[À¾] ÎëÌÚ¹§»Ö
11,12,8,16,¥Ù¥¹¥È¥Á¥ã¡¼¥à,ÌÆ3,54,ÃÓÅº¸¬°ì,1:10.3,¥¯¥Ó,5.6,3.0,414(-2),[À¾] ¾¾²¼Éð»Î
12,13,7,13,¥Ð¥È¥ë¥¢¥°¥ì¥Ã¥·¥Ö,²´3,56,²£»³Åµ¹°,1:10.3,¥¢¥¿¥Þ,23.9,7.0,490(0),[À¾] ËÜÅÄÍ¥
13,14,7,14,¥ì¥Ã¥É¥ë¡¼¥Ê,ÌÆ3,54,¼Æ»³Íº°ì,1:10.5,1.1/4,55.2,11.0,462(-14),[Åì] ¾®ÅçÌÐÇ·
14,15,5,10,¥¦¥©¡¼¥¿¡¼¥ê¥Ù¥ë¥Æ,²´3,56,µÈÅÄÈ»¿Í,1:10.6,1/2,48.2,9.0,432(-8),[À¾] Éð¹¬»ÍÏº
15,16,6,12,¥¦¥¤¥ó¥Ñ¡¼¥Á¥§,²´3,56,¸¶ÅÄÏÂ¿¿,1:13.5,Âç,319.7,16.0,442(-10),[À¾] ²ÃÍÑÀµ
0,1,4,5,¥á¥¤¥·¥ç¥¦¥ª¥È¥ï,ÌÆ3,51,¿û¸¶ÌÀÎÉ,1:46.6,,18.7,6.0,442(-6),[À¾] ÈÓÅÄÍ´»Ë
1,2,5,7,¥¨¥¹¥È¥ì¥é¥Ö¥é¥ó¥³,²´3,56,¾¡±ºÀµ¼ù,1:47.1,3,99.0,11.0,424(-2),[Åì] ¾¾»³¾­¼ù
2,3,6,9,¥é¥µ¡¼¥µ,²´3,56,ÃÓÅº¸¬°ì,1:47.3,1,9.7,4.0,500(+20),[À¾] ¾®ºê·û
3,4,7,12,¥Ü¥Ê¥»¡¼¥é,²´3,56,¥ë¥á¡¼¥ë,1:47.3,¥¢¥¿¥Þ,2.0,1.0,466(-2),[À¾] ËÒ±º½¼ÆÁ
4,5,8,13,¥³¥Ð¥ë¥È¥Ö¥ë¡¼,²´3,56,Æ£²¬¹¯ÂÀ,1:47.3,¥Ï¥Ê,10.5,5.0,466(+8),[À¾] ÃÓ¹¾ÂÙ¼÷
5,6,3,3,¥Þ¥¤¥µ¥ó¥·¥ã¥¤¥ó,²´3,56,´äÅÄ¹¯À¿,1:47.5,1,3.5,2.0,474(+2),[À¾] ¸Þ½½ÍòÃé
6,7,2,2,¥«¥·¥Î¥ô¥£¥ª¥ì,ÌÆ3,54,·¬Â¼¿¿ÌÀ,1:47.6,1/2,380.8,14.0,428(-10),[Åì] Å·´Ö¾¼°ì
7,8,5,8,¥Ó¥±¥Ã¥È,ÌÆ3,54,²®Ìî¶Ë,1:47.7,3/4,46.9,10.0,428(-10),[À¾] ¹âÌøÂçÊå
8,9,7,11,¥¨¥¤¥æ¡¼¥é¥È¥¥¡¼¥ë,²´3,56,²ÃÆ£¾ÍÂÀ,1:48.0,1.3/4,196.2,13.0,436(-4),[À¾] Æ£ÂôÂ§Íº
9,10,8,14,¥¢¥ë¥Õ¥¡¥à¡¼¥ó,²´3,56,²£»³ÏÂÀ¸,1:48.2,1.1/2,38.2,9.0,518(+4),[Åì] ¾®À¾°ìÃË
10,11,3,4,¥¸¥§¥¤¥³¥Ö,²´3,55,²£»³Éð»Ë,1:48.4,1.1/4,36.1,7.0,478(-4),[Åì] Ãæ´Ü±ÑÆó
11,12,6,10,¥¶¥×¥ê¥ª¥ì¥¹,²´3,56,¾ë¸ÍµÁÀ¯,1:48.7,1.3/4,36.2,8.0,508(+10),[À¾] Âç¶¶Í¦¼ù
12,13,1,1,¥·¥å¥í¥¹,²´3,56,¼Æ»³Íº°ì,1:48.8,1/2,9.6,3.0,486(-22),[À¾] ËÒÅÄÏÂÌï
13,14,4,6,¥ª¥¦¥±¥ó¥¹¥¿¡¼¥Þ¥ó,²´3,56,Æ£²¬Í¤²ð,1:49.0,1,100.8,12.0,474(-4),[À¾] Æ£²¬·ò°ì
0,1,8,14,¥Ò¥ë¥Î¥Þ¥ê¥Ö,ÌÆ2,54,¾¡±ºÀµ¼ù,1:09.8,,9.9,3.0,486(0),[À¾] ËÌ½ÐÀ®¿Í
1,2,4,5,¥«¥ï¥­¥¿¥¢¥¸¥ó,ÌÆ2,54,²ÃÆ£¾ÍÂÀ,1:10.4,4,51.9,10.0,458(0),[À¾] ¿ù»³À²µª
2,3,4,6,¥á¥¤¥×¥ë¥×¥ì¥¼¥ó¥È,ÌÆ2,54,ÀîÅç¿®Æó,1:10.5,1/2,64.9,11.0,440(0),[Åì] ¹â»Ô·½Æó
3,4,5,8,¥µ¥ó¥é¥¤¥È,²´2,54,¾¾ÅÄÂçºî,1:11.3,5,13.4,4.0,438(0),[À¾] ¾åÂ¼ÍÎ¹Ô
4,5,7,11,¥·¥ã¥Á,²´2,51,¿û¸¶ÌÀÎÉ,1:11.4,1/2,122.2,13.0,438(0),[Åì] ¾®É°»³¸ç
5,6,6,10,¥ï¥ó¥À¡¼¥«¥à¥é¥ó¥°,²´2,54,Æ£²¬Í¤²ð,1:11.4,¥¯¥Ó,34.8,9.0,468(0),[À¾] ¾®ºê·û
6,7,6,9,¥é¥Ö¥ß¡¼¥ì¥Ç¥£¡¼,ÌÆ2,54,Æ£²¬¹¯ÂÀ,1:11.6,1.1/4,1.7,1.0,456(0),[À¾] µÜÅ°
7,8,2,2,¥¿¥«¥·¡¼¥Õ¥§¥¤¥¹,²´2,54,´äÅÄ¹¯À¿,1:11.7,¥¯¥Ó,15.5,5.0,484(0),[À¾] ÎëÌÚ¹§»Ö
8,8,3,3,¥Ñ¥ó¥¶¡¼¥¢¥¿¥Ã¥¯,²´2,54,É©ÅÄÍµÆó,1:11.7,Æ±Ãå,67.1,12.0,440(0),[À¾] ÀÐºä¸ø°ì
9,10,1,1,¥È¡¼¥»¥ó¥ô¥©¡¼¥°,²´2,54,µÈÅÄÈ»¿Í,1:12.3,3.1/2,24.5,8.0,466(0),[Åì] ÃÓ¾å¾»ÏÂ
10,11,3,4,¥ô¥£¥È¡¼,²´2,54,ÃÓÅº¸¬°ì,1:12.3,¥Ï¥Ê,20.4,6.0,490(0),[À¾] À¾±àÀµÅÔ
11,12,8,13,¥°¥é¥ó¥É¥¸¥å¥Ó¥ê¡¼,²´2,54,¥ë¥á¡¼¥ë,1:12.4,¥¯¥Ó,7.2,2.0,476(0),[Åì] ¾®³ÞÎÑ¹°
12,13,7,12,¥ô¥£¥ë¥Ù¥ë,ÌÆ2,53,²£»³Éð»Ë,1:14.0,10,22.7,7.0,402(0),[Åì] ¿åÌîµ®¹­
13,14,5,7,¥·¥Ë¥ç¡¼¥é,ÌÆ2,51,ÃÄÌîÂçÀ®,1:14.8,5,235.4,14.0,450(0),[À¾] ²ÃÍÑÀµ
0,1,4,5,¥Ê¥ß¥Ö,²´3,53,¿û¸¶ÌÀÎÉ,2:02.8,,5.9,3.0,440(-2),[Åì] ÆîÅÄÈþÃÎ
1,2,7,10,¥ì¥Ã¥É¥¯¥ì¥ª¥¹,²´3,56,¥ë¥á¡¼¥ë,2:02.8,¥¯¥Ó,5.2,2.0,470(0),[Åì] Æ£ÂôÏÂÍº
2,3,1,1,¥µ¥È¥Î¥À¥¤¥Ê¥¹¥Æ¥£,²´3,55,²£»³Éð»Ë,2:02.9,3/4,2.1,1.0,458(-2),[Åì] Çë¸¶À¶
3,4,6,8,¥¢¥¤¥¢¥à¥ì¥¸¥§¥ó¥É,²´3,56,Æ£²¬¹¯ÂÀ,2:03.3,2,6.1,4.0,488(+8),[À¾] ¶¶ÅÄËþ
4,5,8,13,¥É¥ê¡¼¥à¥é¥¤¥¯¥¨¥Þ,ÌÆ3,54,ÀîÅç¿®Æó,2:03.6,1.3/4,85.7,12.0,414(-4),[À¾] ÌðºîË§¿Í
5,6,5,6,¥ì¡¼¥ô¥Ê¥¤¥È,²´3,56,µÈÅÄÈ»¿Í,2:03.6,¥¯¥Ó,47.8,9.0,490(+4),[À¾] Éð¹¬»ÍÏº
6,7,7,11,¥·¥ç¥¦¥Ê¥ó¥¢¡¼¥µ¡¼,²´3,56,´äÅÄ¹¯À¿,2:03.9,2,26.1,7.0,502(-14),[À¾] ¿Ü³­¾°²ð
7,8,2,2,¥ë¥ë¥É,²´3,56,²®Ìî¶Ë,2:04.5,3.1/2,76.4,10.0,416(0),[À¾] ¿ù»³À²µª
8,9,3,3,¥±¥ó¥Ö¥ê¥Ã¥¸¥¦¥ë¥¹,²´3,56,¹ñÊ¬¶³²ð,2:04.7,1.1/2,23.2,6.0,470(-4),[À¾] Âçº¬ÅÄÍµ
9,10,8,12,¥Þ¡¼¥¬¥ì¥Ã¥È¥ê¥Ð¡¼,²´3,56,Æ£²¬Í¤²ð,2:05.5,5,11.0,5.0,500(-2),[À¾] Æ£²¬·ò°ì
10,11,5,7,¥É¥ó¥­¡¼¥¹¥¿¥¤¥ë,²´3,56,ÃæÃ«ÍºÂÀ,2:05.7,1.1/2,81.0,11.0,456(-8),[À¾] ÌðºîË§¿Í
11,12,4,4,¥¨¥¹¥«¥ì¡¼¥É¥Õ¥¸,²´3,56,Âã¹°¿Í,2:05.9,1.1/4,40.2,8.0,516(-2),[À¾] ÌðºîË§¿Í
12,13,6,9,¥¢¥Æ¥ó¥°¥í¡¼¥ê¡¼,²´3,56,¸ÅÀîµÈÍÎ,2:06.0,3/4,217.3,13.0,454(-4),[À¾] Ã«·é
0,1,3,4,¥¹¥Þ¡¼¥È¥»¥é¥ô¥£¡¼,²´3,54,¥ë¥á¡¼¥ë,1:45.5,,2.5,2.0,498(0),[À¾] ÌðºîË§¿Í
1,2,4,5,¥Ö¥í¥Ã¥³¥ê¡¼,²´4,57,Ã°ÆâÍ´¼¡,1:46.1,4,27.3,6.0,476(-6),[À¾] ËÒÅÄÏÂÌï
2,3,2,2,¥µ¥ó¥ì¥¤¥Õ¥¡¥¤¥È,²´3,51,ÃÄÌîÂçÀ®,1:46.7,3.1/2,16.5,4.0,450(+2),[À¾] À¾¶¶Ë­¼£
3,4,3,3,¥°¥Ã¥É¥Ø¥ë¥¹¥Ð¥¤¥ª,²´3,54,ÃÓÅº¸¬°ì,1:46.9,1,8.2,3.0,470(+6),[À¾] ÃÓÅº³Ø
4,5,5,7,¥¨¥ó¥À¥¦¥á¥ó¥È,²´3,54,µÈÅÄÈ»¿Í,1:46.9,¥¯¥Ó,2.0,1.0,500(-8),[À¾] ³ÑÅÄ¹¸°ì
5,6,6,10,¥¸¥ã¥Ã¥¯¥Ê¥¤¥Õ,²´5,57,´äÅÄ¹¯À¿,1:47.8,5,67.0,9.0,462(-2),[À¾] ÎëÌÚ¹§»Ö
6,7,6,9,¥µ¥ó¥¦¥§¡¼¥³,²´3,54,¸¶ÅÄÏÂ¿¿,1:47.8,¥¢¥¿¥Þ,286.0,14.0,476(-13),[Åì] º¬ËÜ¹¯¹­
7,8,8,14,¥À¥Î¥ó¥·¥Æ¥£,²´3,54,Æ£²¬Í¤²ð,1:47.8,¥¯¥Ó,24.4,5.0,468(0),[À¾] ¶¶¸ý¿µ²ð
8,9,1,1,¥¯¥ê¥Î¥«¥Ý¥Í,¥»4,57,¸ÅÀîµÈÍÎ,1:48.0,3/4,33.8,7.0,436(+10),[À¾] Ã«·é
9,10,7,12,¥Õ¥¡¥¤¥È¥¨¥ë¥Õ,¥»5,57,²£»³ÏÂÀ¸,1:48.1,1/2,200.7,13.0,446(+4),[Åì] ¿åÌîµ®¹­
10,11,4,6,¥·¥ë¥ô¥¡¡¼¥á¥Æ¥ª,²´5,57,·¬Â¼¿¿ÌÀ,1:48.4,2,119.8,11.0,478(-4),[Åì] ÀÐ·ªÎ¶É§
11,12,5,8,¥¢¥ë¥Þ¥¹¥Æ¥£¥ó¥°,¥»3,54,¾¡±ºÀµ¼ù,1:48.9,3,43.5,8.0,490(-2),[Åì] ÅÄÂ¼¹¯¿Î
12,13,8,13,¥ê¥Ã¥­¡¼,²´4,57,É©ÅÄÍµÆó,1:49.0,1/2,67.3,10.0,512(-2),[À¾] µÈÂ¼·½»Ê
13,14,7,11,¥Ñ¥Ö¥í¥Õ¥Æ¥½¡¼¥í,²´3,54,Âã¹°¿Í,1:50.2,7,153.7,12.0,538(+6),[Åì] Éð°æÎ¼
0,1,7,8,¥¿¡¼¥Õ¥§¥ë¥à¥¸¡¼¥¯,ÌÆ4,55,¸ÅÀîµÈÍÎ,1:48.0,,28.6,8.0,430(-8),[À¾] ÅÏÊÕ·°É§
1,2,4,4,¥¢¥É¥Þ¥¤¥ä¥¢¥ë¥Ñ¥Þ,ÌÆ5,55,¥ë¥á¡¼¥ë,1:48.1,3/4,6.1,4.0,438(+6),[À¾] ¿Ü³­¾°²ð
2,3,5,5,¥ì¡¼¥¹¥¬¡¼¥Ç¥ó,ÌÆ3,52,Æ£²¬¹¯ÂÀ,1:48.1,¥¢¥¿¥Þ,2.7,1.0,470(+16),[À¾] ÃÓ¹¾ÂÙ¼÷
3,4,2,2,¥Ï¥Ã¥·¥å¥´¡¼¥´¡¼,ÌÆ3,49,¿û¸¶ÌÀÎÉ,1:48.3,3/4,57.1,10.0,438(-4),[À¾] ¹ÓÀîµÁÇ·
4,5,3,3,¥»¥ó¥È¥»¥·¥ê¥¢,ÌÆ3,52,ÃæÃ«ÍºÂÀ,1:49.1,5,26.5,7.0,392(+2),[À¾] ÌðºîË§¿Í
5,6,8,10,¥á¥¤¥·¥ç¥¦¥Ï¥Ê¥°¥·,ÌÆ3,52,ÃÓÅº¸¬°ì,1:49.2,1/2,8.8,5.0,470(-18),[À¾] ÈÓÅÄÍ´»Ë
6,7,1,1,¥Þ¥¤¥¿¥¤¥à¥ª¥Ö¥Ç¥¤,ÌÆ3,49,ÃÄÌîÂçÀ®,1:49.3,3/4,14.7,6.0,446(+6),[À¾] ¾¾±Ê´´É×
7,8,6,6,¥¢¥é¥¹¥«,ÌÆ3,51,²£»³Éð»Ë,1:49.4,1/2,3.8,2.0,402(+6),[Åì] Çë¸¶À¶
8,9,6,7,¥¸¥§¥ó¥á¥ª,ÌÆ3,52,ÀÐÀîÍµµª,1:49.8,2.1/2,32.4,9.0,474(+16),[À¾] À¾Â¼¿¿¹¬
9,10,8,11,¥¨¥ê¡¼¥­¥ã¥Ê¥ë,ÌÆ3,52,É©ÅÄÍµÆó,1:50.1,2,152.6,11.0,488(+8),[Åì] ºØÆ£À¿
10,11,7,9,¥¢¥¤¥ï¥Ê¥Ó¥ê¡¼¥ô,ÌÆ3,52,µÈÅÄÈ»¿Í,1:50.5,2.1/2,6.1,3.0,474(+14),[Åì] ¸ÍÅÄÇîÊ¸
0,1,7,7,¥ë¥ô¥©¥ë¥°,²´3,54,¥ë¥á¡¼¥ë,2:02.4,,1.3,1.0,524(-6),[Åì] Æ£ÂôÏÂÍº
1,2,2,2,¥ì¡¼¥¬¥Î¥ß¥¯¥¹,²´4,57,Æ£²¬Í¤²ð,2:02.8,2.1/2,4.4,2.0,516(+2),[À¾] ÃÓÅº³Ø
2,3,1,1,¥¢¥É¥Þ¥¤¥ä¥í¡¼¥¶,ÌÆ5,55,´äÅÄ¹¯À¿,2:03.3,3,14.8,3.0,476(+14),[À¾] ÇßÅÄÃÒÇ·
3,4,6,6,¥À¥Ç¥£¡¼¥º¥È¥ê¥Ã¥×,²´3,54,É©ÅÄÍµÆó,2:03.3,¥¢¥¿¥Þ,22.8,6.0,440(+4),[À¾] ¿ù»³À²µª
4,5,8,9,¥á¥¤¥·¥ç¥¦¥¤¥Õ¥¦,²´3,54,ÀîÅç¿®Æó,2:03.4,¥¯¥Ó,34.8,8.0,494(-8),[À¾] ¹ÓÀîµÁÇ·
5,6,5,5,¥®¥ã¥ó¥Ö¥é¡¼,²´4,56,²£»³Éð»Ë,2:03.4,¥Ï¥Ê,20.7,5.0,516(-2),[Åì] ºØÆ£À¿
6,7,3,3,¥³¥¹¥â¥ì¥ê¥¢,²´4,57,Ã°ÆâÍ´¼¡,2:03.4,¥¯¥Ó,15.3,4.0,474(+2),[Åì] ±üÂ¼Éð
7,8,4,4,¥µ¥ó¥é¥¤¥º¥¢¥­¥ì¥¹,²´3,54,µÈÅÄÈ»¿Í,2:03.6,1,29.5,7.0,490(0),[À¾] ²»Ìµ½¨¹§
8,9,8,8,¥é¥Ã¥·¥å¥ï¡¼¥ë¥É,²´5,54,ÃÄÌîÂçÀ®,2:03.6,¥¯¥Ó,192.2,9.0,482(-4),[À¾] ÀéÅÄµ±É§
0,1,2,2,¥Ò¥Ç¥Î¥ô¥£¡¼¥Ê¥¹,ÌÆ3,52,Æ£²¬¹¯ÂÀ,0:58.0,,7.2,3.0,456(+10),[À¾] ÇßÅÄÃÒÇ·
1,2,5,5,¥¹¥º¥«¥°¥é¡¼¥Æ,ÌÆ5,55,¼Æ»³Íº°ì,0:58.3,1.3/4,13.6,5.0,464(-8),[Åì] ÊÁºê¹§
2,3,4,4,¥¢¥«¥Í¥µ¥¹,ÌÆ3,52,ÃÓÅº¸¬°ì,0:58.3,¥Ï¥Ê,1.9,1.0,492(+2),[À¾] Àõ¸«½¨°ì
3,4,6,7,¥Æ¥¤¥¨¥à¥Á¥§¥í¥­¡¼,²´5,57,¸ÅÀîµÈÍÎ,0:58.4,3/4,7.9,4.0,488(0),[À¾] ¿ù»³À²µª
4,5,3,3,¥¯¡¼¥ê¥å,ÌÆ5,55,Âã¹°¿Í,0:58.4,¥¯¥Ó,23.0,6.0,476(0),[Åì] ÀÐÌÓÁ±É§
5,6,7,9,¥Ý¥Ã¥×¥·¥ó¥¬¡¼,ÌÆ5,55,¾¡±ºÀµ¼ù,0:58.5,¥¯¥Ó,26.8,7.0,456(-2),[Åì] ÎëÌÚ¿­¿Ò
6,7,1,1,¥¿¥Þ¥â¥³¡¼¥é¥¹,ÌÆ5,55,¾ë¸ÍµÁÀ¯,0:58.7,1.1/4,57.7,9.0,462(+6),[À¾] Éð±ÑÃÒ
7,8,8,10,¥Ç¥¶¡¼¥È¥¹¥È¡¼¥à,²´5,57,¥ë¥á¡¼¥ë,0:58.7,¥¯¥Ó,3.9,2.0,456(+8),[À¾] À¾±º¾¡°ì
8,9,6,6,¥µ¥ó¥Ç¥å¥é¥ó¥´,ÌÆ5,55,²£»³Éð»Ë,0:59.4,4,158.9,11.0,484(0),[Åì] éâÌ¾Íø¹°
9,10,7,8,¥¬¥¦¥ë,²´4,57,²ÃÆ£¾ÍÂÀ,0:59.4,¥¯¥Ó,39.5,8.0,488(+8),[À¾] ¾±ÌîÌ÷»Ö
10,11,8,11,¥¤¥ó¥·¥å¥é¡¼,¥»5,57,Ã°ÆâÍ´¼¡,0:59.8,2.1/2,113.0,10.0,452(-4),[Åì] ½¡ÁüµÁÃé
0,1,7,7,¥«¥Õ¥¸¥×¥ê¥ó¥¹,²´6,56,µÈÅÄÈ»¿Í,2:40.7,,6.3,3.0,522(-8),[À¾] ÌðºîË§¿Í
1,2,4,4,¥Ï¥Ã¥Ô¡¼¥°¥ê¥ó,²´4,56,ÉþÉôÌÐ»Ë,2:40.7,¥¯¥Ó,10.7,8.0,456(-1),[ÃÏ] ÅÄÃæ½ß»Ê
2,3,5,5,¥¿¥¤¥»¥¤¥È¥ì¥¤¥ë,²´4,56,ÃæÃ«ÍºÂÀ,2:40.8,¥¯¥Ó,6.4,5.0,488(0),[À¾] ÌðºîË§¿Í
3,4,6,6,¥ô¥¡¥ó¥È¥·¥ë¥à,²´5,56,Æ£²¬¹¯ÂÀ,2:40.9,1/2,6.4,6.0,480(+6),[À¾] ¿Ü³­¾°²ð
4,5,2,2,¥ì¥Î¥ô¥¡¡¼¥ë,²´4,56,´äÅÄ¹¯À¿,2:40.9,¥¯¥Ó,6.4,4.0,514(-10),[À¾] ¹âÌîÍ§ÏÂ
5,6,8,10,¥â¥ó¥É¥¤¥ó¥Æ¥í,²´7,58,¥ë¥á¡¼¥ë,2:41.1,1.1/2,5.0,1.0,484(-6),[Åì] ¼êÄÍµ®µ×
6,7,3,3,¥«¥é¥Ó¥Ê,²´6,56,Æ£²¬Í¤²ð,2:41.4,1.3/4,7.8,7.0,518(+4),[À¾] Æ£²¬·ò°ì
7,8,1,1,¥ä¥Þ¥«¥Ä¥é¥¤¥Ç¥ó,²´7,56,ÃÓÅº¸¬°ì,2:41.7,1.3/4,32.4,9.0,544(+4),[À¾] ÃÓÅº·óÍº
8,9,8,9,¥í¡¼¥É¥ô¥¡¥ó¥É¡¼¥ë,²´6,57,²£»³Åµ¹°,2:42.0,2,5.7,2.0,494(-4),[À¾] º«¹×
9,10,7,8,¥½¡¼¥Ç¥£¥¹¥¤¥º¥é¥ô,ÌÆ5,54,¾¡±ºÀµ¼ù,2:42.5,3,275.5,10.0,430(-2),[ÃÏ] ÅÄÃæÀµÆó
0,1,5,10,¥Û¡¼¥×¥Õ¥ë¥µ¥¤¥ó,²´3,54,Ã°ÆâÍ´¼¡,1:08.2,,30.5,11.0,480(-8),[Åì] ËÜ´ÖÇ¦
1,2,8,15,¥Õ¥©¥ì¥Ö¥ë¡¼¥È,ÌÆ3,52,ÃÓÅº¸¬°ì,1:08.3,3/4,6.7,2.0,432(-4),[À¾] °ÂÅÄÎ´¹Ô
2,3,5,9,¥¹¥®¥Î¥ô¥©¥ë¥±¡¼¥Î,²´3,54,´äÅÄ¹¯À¿,1:08.3,¥Ï¥Ê,2.0,1.0,492(-2),[À¾] À¶¿åµ×»ì
3,4,3,5,¥¢¥ê¥¢,ÌÆ4,55,É©ÅÄÍµÆó,1:08.4,¥¯¥Ó,37.3,12.0,500(+6),[À¾] Éð¹¬»ÍÏº
4,5,1,2,¥·¥ç¥¦¥Ê¥ó¥¢¥ê¥¢¥Ê,ÌÆ3,52,¹ñÊ¬¶³²ð,1:08.5,1/2,15.2,6.0,410(-6),[À¾] ¹âÌîÍ§ÏÂ
5,6,2,4,¥¨¥à¥ª¡¼¥¿¥¤¥·¥ç¥¦,²´3,54,·¬Â¼¿¿ÌÀ,1:08.7,1.1/4,48.8,13.0,492(-4),[ÃÏ] ³ÑÀî½¨¼ù
6,7,2,3,¥·¥ó¥Ç¥ì¥é¥á¥¤¥¯,ÌÆ4,55,¼Æ»³Íº°ì,1:08.8,¥¯¥Ó,13.1,4.0,484(-8),[À¾] »­Åç°ìÊâ
7,8,6,11,¥ï¡¼¥ë¥É¥Õ¥©¡¼¥é¥Ö,ÌÆ5,55,µÈÅÄÈ»¿Í,1:08.8,¥¢¥¿¥Þ,13.5,5.0,444(-18),[À¾] ²»Ìµ½¨¹§
8,9,7,14,¥µ¥é¥Ç¥³¥é¥·¥ª¥ó,ÌÆ5,55,²ÃÆ£¾ÍÂÀ,1:08.9,1/2,319.7,16.0,448(-2),[Åì] ´ä¸Í¹§¼ù
9,10,4,8,¥»¥ó¥·¥ç¥¦¥æ¥¦¥È,²´4,57,Æ£²¬Í¤²ð,1:08.9,¥¯¥Ó,9.4,3.0,480(0),[À¾] ºûÅÄÏÂ½¨
10,11,3,6,¥×¥ì¥È¥ê¥¢,¥»4,57,²®Ìî¶Ë,1:08.9,¥Ï¥Ê,30.2,10.0,460(+6),[Åì] ÃæÀî¸øÀ®
11,12,6,12,¥·¥ç¥¦¥Ê¥ó¥Þ¥Ã¥·¥Ö,²´5,57,Æ£²¬¹¯ÂÀ,1:08.9,¥Ï¥Ê,23.2,8.0,474(-2),[Åì] ÅÄÃæ¹ä
12,13,7,13,¥ß¥È¥Î¥¢¥ß¡¼¥´,²´4,57,²£»³Åµ¹°,1:09.0,¥¯¥Ó,86.5,15.0,448(-6),[À¾] Éð±ÑÃÒ
13,14,8,16,¥·¥å¥¨¥Ã¥È¥Ì¡¼¥Ù¥ë,ÌÆ5,55,ÉþÉôÌÐ»Ë,1:09.2,1.1/2,62.1,14.0,456(-4),[À¾] ±©·îÍ§É§
14,15,4,7,¥È¡¼¥»¥ó¥¢¥ó¥Ð¡¼,ÌÆ4,55,²£»³ÏÂÀ¸,1:09.2,¥¯¥Ó,30.0,9.0,478(+16),[Åì] µÆÂôÎ´ÆÁ
15,16,1,1,¥í¡¼¥É¥é¥º¥é¥¤¥È,¥»4,57,¥ë¥á¡¼¥ë,1:10.1,5,16.3,7.0,450(+12),[À¾] Àõ¸«½¨°ì
0,1,7,10,¥¢¥Ö¥½¥ë¥Æ¥£¥¹¥â,²´2,54,¥ë¥á¡¼¥ë,1:30.6,,1.1,1.0,498(+2),[Åì] Æ£ÂôÏÂÍº
1,2,5,6,¥ä¥Þ¥«¥Ä¥Þ¡¼¥á¥¤¥É,ÌÆ2,54,ÃÓÅº¸¬°ì,1:30.6,¥Ï¥Ê,19.4,2.0,462(-4),[À¾] ÃÓÅº·óÍº
2,3,2,2,¥¦¥¤¥ó¥¢¥¯¥Æ¥£¡¼¥Ü,²´2,54,¾¾²¬Àµ³¤,1:30.8,1,59.5,4.0,488(+2),[Åì] ¹âÌÚÅÐ
3,4,3,3,¥Ü¥Þ¥é¥¤¥ó,²´2,54,¾¡±ºÀµ¼ù,1:30.8,¥¯¥Ó,20.8,3.0,464(+6),[Åì] ÅÄÂ¼¹¯¿Î
4,5,5,7,¥µ¥ó¥·¥ã¥¤¥ó¥­¥Ã¥É,²´2,54,É©ÅÄÍµÆó,1:30.9,3/4,352.8,11.0,428(-6),[Åì] ¾®À¾°ìÃË
5,6,4,5,¥¨¥¿¡¼¥Ê¥ë¥À¥¤¥ä,²´2,54,Ã°ÆâÍ´¼¡,1:31.0,¥¯¥Ó,151.0,7.0,452(-10),[Åì] ½¡ÁüµÁÃé
6,7,6,8,¥µ¥Ú¥é¥ô¥£,²´2,54,°æ¾åÉÒ¼ù,1:31.1,3/4,65.2,6.0,470(-10),[Åì] ÁêÂô°ê
7,8,7,11,¥Ç¥£¡¼¥º¥®¥ã¥é¥ó¥È,ÌÆ2,54,Åª¾ìÍ¦¿Í,1:31.3,1.1/4,59.7,5.0,448(+8),[Åì] Æ£¸¶Ã¤Íº
8,9,4,4,¥ì¥Ç¥£¥È¥¥¥é¥ó,ÌÆ2,54,¸ÅÀîµÈÍÎ,1:31.3,¥Ï¥Ê,661.8,13.0,410(-10),[Åì] ²ÃÆ£ÏÂ¹¨
9,10,8,12,¥Ç¥ë¥Þ¥×¥é¥Á¥Ê,²´2,54,²®Ìî¶Ë,1:32.6,8,375.0,12.0,476(-12),[Åì] ÅÄÃæ¹ä
10,11,1,1,¥Ë¥·¥Î¥¼¥Î¥Ó¥¢,ÌÆ2,51,¿û¸¶ÌÀÎÉ,1:32.6,¥Ï¥Ê,279.7,9.0,450(+2),[Åì] ³þÌî¹ÀÆó
11,12,6,9,¥ª¡¼¥±¡¼¥á¥¸¥ã¡¼,²´2,54,ÀÐÀîÍµµª,1:32.8,1,285.4,10.0,458(0),[À¾] ±üÂ¼Ë­
12,13,8,13,¥«¥¬¥¸¥ã¥É¡¼¥ë,ÌÆ2,53,²£»³Éð»Ë,1:33.3,3,240.7,8.0,454(-2),[Åì] Âç¹¾¸¶Å¯
0,1,5,5,¥Ö¥é¥Ã¥Ç¥£¥à¡¼¥ó,ÌÆ3,54,¥ë¥á¡¼¥ë,0:58.9,,2.0,1.0,448(+4),[À¾] ¾åÂ¼ÍÎ¹Ô
1,2,8,11,¥Ï¥ë¥ï¥¿¡¼¥È,ÌÆ3,51,¿û¸¶ÌÀÎÉ,0:59.2,2,32.9,8.0,458(-6),[Åì] ºØÆ£À¿
2,3,3,3,¥ô¥§¥ë,ÌÆ3,54,¾¾ÅÄÂçºî,0:59.6,2.1/2,5.3,2.0,414(-2),[À¾] ÃæÈø½¨Àµ
3,4,2,2,¥¢¥¤¥Õ¥¡¡¼¥¢¥¯¥¿¡¼,²´3,56,Æ£²¬Í¤²ð,0:59.6,¥Ï¥Ê,17.4,6.0,468(-10),[À¾] ºîÅÄÀ¿Æó
4,5,6,6,¥Ó¡¼¥Ó¡¼¥¢¥é¥¤¥ô,ÌÆ3,51,ÃÄÌîÂçÀ®,0:59.6,¥Ï¥Ê,12.8,5.0,448(0),[Åì] ¹âÌø¿ð¼ù
5,6,1,1,¥Ç¥ó¥³¥¦¥Ö¥ì¥¤¥Ö,²´3,55,²£»³Éð»Ë,0:59.9,1.3/4,7.5,4.0,468(+8),[À¾] ºä¸ýÃÒ¹¯
6,7,8,10,¥á¥¤¥·¥ç¥¦¥ï¥­¥¶¥·,²´3,56,ÃÓÅº¸¬°ì,0:59.9,¥¯¥Ó,40.7,10.0,466(-2),[À¾] ÃÓÅº·óÍº
7,8,6,7,¥¹¥º¥«¥·¥Ë¥Ã¥¯,²´3,56,²ÃÆ£¾ÍÂÀ,1:00.1,1,19.6,7.0,460(+6),[À¾] Æ£ÂôÂ§Íº
8,9,7,9,¥Õ¥§¥Ë¥¢¥ó¥µ¥¤¥¯¥ë,ÌÆ3,54,É©ÅÄÍµÆó,1:00.3,1.1/2,6.2,3.0,426(+12),[À¾] ²¬ÅÄ°ðÃË
9,10,4,4,¥ë¥Ê¥¨¥¹¥á¥é¥ë¥À,ÌÆ3,54,²®Ìî¶Ë,1:00.6,1.3/4,200.8,11.0,438(0),[À¾] ¹âÌøÂçÊå
10,11,7,8,¥µ¥¦¥ó¥É¥·¥å¥ê¥Ã¥È,ÌÆ3,54,´äÅÄ¹¯À¿,1:01.0,2,35.0,9.0,456(+4),[À¾] ¹â¶¶¹¯Ç·
0,1,4,6,¥¹¥³¥ë¥Ô¥¦¥¹,¥»3,56,É©ÅÄÍµÆó,1:46.0,,13.4,6.0,466(+2),[À¾] Éð¹¬»ÍÏº
1,2,7,11,¥­¥â¥ó¥Ü¡¼¥¤,²´3,56,Æ£²¬¹¯ÂÀ,1:46.2,1.1/4,18.9,10.0,498(0),[À¾] ÅÄ½ê½¨¹§
2,3,8,14,¥°¥é¥ó¥Ç¥é¥à¥¸¡¼,²´3,56,²ÃÆ£¾ÍÂÀ,1:46.3,1/2,4.2,2.0,462(-6),[À¾] ¿ù»³À²µª
3,4,1,1,¥Ç¥ó¥³¥¦¥ß¥·¥ª¥ó,ÌÆ3,54,²®ÌîÂö¿¿,1:46.4,3/4,91.6,11.0,426(-6),[À¾] ¹ÓÀîµÁÇ·
4,5,8,13,¥µ¥ó¥É¥ë,²´3,54,¥ë¥á¡¼¥ë,1:46.7,2,4.0,1.0,536(+6),[À¾] ÃæÆâÅÄ½¼
5,6,7,12,¥È¡¼¥­¥ç¡¼¥µ¥Ð¥¯,²´3,56,´äÅÄ¹¯À¿,1:47.1,2.1/2,18.6,9.0,488(0),[À¾] °ÂÅÄæÆ¸à
6,7,3,4,¥È¥é¥¤¥²¥Ã¥¿¡¼,¥»3,56,¸ÅÀîµÈÍÎ,1:47.8,4,15.5,8.0,498(-6),[À¾] ËÒÅÄÏÂÌï
7,8,4,5,¥Þ¥ì¥­¥¢¡¼¥ì,ÌÆ3,51,ÃÄÌîÂçÀ®,1:47.8,¥¯¥Ó,15.0,7.0,490(+2),[À¾] ÃÓÅº³Ø
8,9,6,10,¥·¥Ã¥¯¥¶¡¼¥ë,²´3,56,¼Æ»³Íº°ì,1:48.3,3,11.6,5.0,488(+2),[À¾] º´¡¹ÌÚ¾½
9,10,5,8,¥¸¥§¥ß¡¼¥¦¥§¥¤,ÌÆ3,51,¿û¸¶ÌÀÎÉ,1:48.8,3,102.9,12.0,472(+18),[Åì] °ËÆ£·½»°
10,11,5,7,¥Ù¥¹¥È¥Þ¥¸¥Ã¥¯,²´3,56,ÃÓÅº¸¬°ì,1:48.9,1/2,4.5,3.0,500(-6),[Åì] ¼êÄÍµ®µ×
11,12,6,9,¥Þ¥«¥ë¡¼¥Æ¥½¡¼¥í,²´3,56,Âã¹°¿Í,1:49.2,1.3/4,185.1,13.0,496(+8),[Åì] ±üÊ¿²í»Î
12,13,3,3,¥Ð¥Ö¥ê¥ó,ÌÆ3,54,Åª¾ìÍ¦¿Í,1:49.3,3/4,280.9,14.0,444(+6),[Åì] Åª¾ì¶Ñ
13,14,2,2,¥·¡¼¥É¥é¥´¥ó,ÌÆ3,54,Æ£²¬Í¤²ð,1:49.6,1.3/4,8.1,4.0,424(-10),[À¾] µÈÂ¼·½»Ê
0,1,6,9,¥â¥¤,ÌÆ3,54,¥ë¥á¡¼¥ë,2:01.4,,3.3,1.0,384(-4),[À¾] »ûÅçÎÉ
1,2,5,7,¥ì¥Ã¥É¥¢¥¯¥È¥ì¥¹,ÌÆ3,54,²®Ìî¶Ë,2:01.5,1/2,10.2,6.0,420(-8),[À¾] Æ£¸¶±Ñ¾¼
2,3,7,11,¥¢¡¼¥¯¥í¥¤¥ä¥ë,ÌÆ3,54,´äÅÄ¹¯À¿,2:01.7,1.1/4,18.9,8.0,406(+2),[À¾] º£ÌîÄç°ì
3,4,3,3,¥¢¥ê¥¹¥Ö¥ë¡¼,ÌÆ3,54,Ã°ÆâÍ´¼¡,2:01.9,1.1/4,5.4,3.0,462(+24),[Åì] ÁêÂô°ê
4,5,8,13,¥Ù¥ë¥Õ¥¡¡¼¥ê¥ó¥°,ÌÆ3,54,Æ£²¬Í¤²ð,2:02.1,1.1/2,8.3,4.0,438(+2),[À¾] ÌðºîË§¿Í
5,6,4,5,¥³¥ë¥Í¥Ã¥È,ÌÆ3,51,ÃÄÌîÂçÀ®,2:02.1,¥¯¥Ó,25.6,9.0,404(-2),[À¾] Ê¿ÅÄ½¤
6,7,1,1,¥¢¥­¥Î¥³¥Þ¥Á,ÌÆ3,54,¾¾²¬Àµ³¤,2:02.3,1.1/4,4.0,2.0,420(-8),[Åì] ÅÄÃæ¹ä
7,8,8,12,¥á¥¤¥·¥ç¥¦¥µ¥¬¥Î,ÌÆ3,54,ÃÓÅº¸¬°ì,2:02.5,3/4,168.0,12.0,514(+6),[À¾] Åò·¦¹¬Íº
8,9,2,2,¥¯¥ê¥à¥¾¥ó¥¹¥¿¡¼,ÌÆ3,54,ÀÐÀîÍµµª,2:02.5,¥¢¥¿¥Þ,12.9,7.0,434(+8),[Åì] ¼êÄÍµ®µ×
9,10,7,10,¥Ç¥ë¥Þ¥È¥ê¥¢¥Î¥ó,ÌÆ3,54,²£»³ÏÂÀ¸,2:02.9,2.1/2,171.6,13.0,442(-6),[Åì] ¾®Ìî¼¡Ïº
10,11,6,8,¥Ï¥ë¥Î¥Ê¥´¥ê,ÌÆ3,54,Æ£·üµ®»Ö,2:03.0,¥¯¥Ó,125.2,11.0,428(+4),[À¾] ¹â¶¶µÁÃé
11,12,5,6,¥é¥ô¥¢¥Õ¥§¥¢¡¼,ÌÆ3,51,¿û¸¶ÌÀÎÉ,2:03.1,3/4,107.4,10.0,410(+6),[Åì] ¸Å²ì¿µÌÀ
12,13,4,4,¥Ç¥¤¥¢¥Õ¥¿¡¼¥Ç¥¤,ÌÆ3,53,²£»³Éð»Ë,2:03.6,3,9.2,5.0,406(0),[À¾] ÃæÆâÅÄ½¼
0,1,5,5,¥¢¡¼¥ë¥¯¥¤¥ó¥À¥à,ÌÆ2,53,²£»³Éð»Ë,1:52.3,,9.6,3.0,470(0),[Åì] °ËÆ£Âç»Î
1,2,6,6,¥á¥ê¥Ç¥£¥¢¥ó¥í¡¼¥°,²´2,54,¥ë¥á¡¼¥ë,1:52.4,1/2,1.4,1.0,474(0),[Åì] Æ£ÂôÏÂÍº
2,3,1,1,¥Í¥Ö¥í¥·¥Æ¥£,²´2,54,Æ£²¬Í¤²ð,1:52.5,1/2,3.9,2.0,478(0),[À¾] ¹âÌîÍ§ÏÂ
3,4,7,7,¥¢¥Ã¥«¥ì¥Ã¥Ä¥¡¡¼¥ì,²´2,54,¾¾ÅÄÂçºî,1:52.8,2,35.3,6.0,474(0),[Åì] ¹õ´äÍÛ°ì
4,5,3,3,¥Ò¥·¥¨¥ì¥¬¥ó¥¹,²´2,54,Æ£²¬¹¯ÂÀ,1:52.8,¥Ï¥Ê,16.2,5.0,476(0),[Åì] ËÙÀë¹Ô
5,6,4,4,¥°¥ì¥¤¥¹¥Õ¥ë¥À¥ó¥¹,ÌÆ2,54,´äÅÄ¹¯À¿,1:53.5,4,14.8,4.0,490(0),[Åì] ºØÆ£À¿
6,7,8,8,¥­¥¿¥Î¥¹¥È¥í¥ó¥°,²´2,54,²ÃÆ£¾ÍÂÀ,1:53.5,¥Ï¥Ê,55.2,7.0,450(0),[À¾] ÃæÈø½¨Àµ
7,8,2,2,¥¯¥ê¥Î¥Æ¥Ã¥Ñ¥ó,²´2,54,ÀÐÀîÍµµª,1:54.1,4,109.5,8.0,474(0),[Åì] Å·´Ö¾¼°ì
8,9,8,9,¥Õ¥¡¡¼¥¹¥Æ¥¹¥È¥¯¡¼,ÌÆ2,54,Ã°ÆâÍ´¼¡,1:54.8,4,128.8,9.0,464(0),[Åì] ÆîÅÄÈþÃÎ
0,1,5,5,¥À¥Î¥ó¥Á¥ã¥ó¥¹,¥»5,57,¥ë¥á¡¼¥ë,0:58.6,,1.9,1.0,502(-6),[Åì] ÅÄÃæÇî¹¯
1,2,3,3,¥á¥¤¥·¥ç¥¦¥á¥¤¥ê¥ó,²´3,51,ÃÄÌîÂçÀ®,0:58.6,¥¯¥Ó,6.8,3.0,452(-2),[À¾] À¾±àÀµÅÔ
2,3,4,4,¥»¥¤¥¦¥ó¥³¡¼¥Ó¡¼,²´3,54,´äÅÄ¹¯À¿,0:58.7,1/2,11.4,4.0,518(-6),[À¾] ¿¹½¨¹Ô
3,4,8,12,¥á¥¤¥·¥ç¥¦¥¼¥Ã¥±¥¤,ÌÆ3,49,¿û¸¶ÌÀÎÉ,0:59.1,2.1/2,5.3,2.0,430(+16),[À¾] ÇßÅÄÃÒÇ·
4,5,5,6,¥¹¥Þ¡¼¥È¥â¥ê¥¬¥ó,ÌÆ3,51,²£»³Éð»Ë,0:59.4,1.1/2,15.3,6.0,472(0),[À¾] »ûÅçÎÉ
5,6,7,9,¥³¥¹¥â¥³¥ì¥¯¥·¥ç¥ó,²´6,57,Ã°ÆâÍ´¼¡,0:59.4,¥¯¥Ó,73.5,11.0,490(+4),[Åì] ÅÄÅç½ÓÌÀ
6,7,6,8,¥á¥¬¥Ý¥ê¥´¥ó,²´5,57,Âã¹°¿Í,0:59.7,1.3/4,55.0,10.0,532(-10),[Åì] ½¡ÁüµÁÃé
7,8,1,1,¥­¥å¥¦¥É¥¦¥¯¥ó,²´3,54,¾¡±ºÀµ¼ù,0:59.8,¥¯¥Ó,13.3,5.0,466(-4),[À¾] ¿¹½¨¹Ô
8,9,8,11,¥µ¥¦¥ó¥É¥¹¥È¥ê¡¼¥È,²´5,57,¼Æ»³Íº°ì,0:59.8,¥¯¥Ó,36.5,9.0,452(-10),[Åì] ÏÂÅÄÀµ°ì
9,10,2,2,¥È¥Ã¥×¥®¥¢,²´4,57,²®Ìî¶Ë,0:59.9,¥¯¥Ó,235.9,12.0,452(+10),[Åì] ¾®É°»³¸ç
10,11,6,7,¥æ¥Ë¥­¥ã¥é,ÌÆ3,52,²£»³Åµ¹°,0:59.9,¥¯¥Ó,16.9,7.0,484(-8),[À¾] ÃæÃÝÏÂÌé
11,12,7,10,¥³¥È¥Ö¥­¥Ï¥¦¥ó¥É,²´4,57,¸¶ÅÄÏÂ¿¿,1:00.1,1,21.2,8.0,478(-6),[Åì] ¶âÀ®µ®»Ë
0,1,8,8,¥Ü¥¹¥¸¥é,²´3,54,¥ë¥á¡¼¥ë,2:41.6,,2.1,1.0,512(+8),[Åì] ¹ñ»Þ±É
1,2,6,6,¥Õ¥é¥Ã¥°¥µ¥ë¡¼¥È,ÌÆ4,55,ÃÓÅº¸¬°ì,2:42.2,4,12.9,5.0,446(+4),[À¾] ÉÍÅÄÂ¿¼Â
2,3,4,4,¥µ¥ó¥µ¥ë¥É¥¹,²´3,54,Æ£²¬Í¤²ð,2:42.3,¥¯¥Ó,3.0,2.0,534(+4),[À¾] °ÂÅÄÎ´¹Ô
3,4,7,7,¥Þ¥³¥È¥¸¥å¥º¥Þ¥ë,²´3,54,´äÅÄ¹¯À¿,2:42.7,2.1/2,6.5,3.0,484(+12),[À¾] »­Åç°ìÊâ
4,5,3,3,¥Ö¥ë¡¼¥Î¥Ð¥í¡¼¥º,²´3,54,É©ÅÄÍµÆó,2:42.9,1,7.2,4.0,466(+4),[À¾] ³ÑÅÄ¹¸°ì
5,6,5,5,¥¤¥¯¥è¥í¥Ö¥í¥¤,²´4,57,¾¡±ºÀµ¼ù,2:43.2,2,58.3,8.0,474(-4),[Åì] ÀõÌîÍÎ°ì
6,7,2,2,¥ê¡¼¥É¥¶¥Õ¥£¡¼¥ë¥É,²´5,57,ÀÐÀîÍµµª,2:43.3,1/2,27.5,6.0,452(-2),[Åì] Âç¹¾¸¶Å¯
7,8,1,1,¥¯¥é¥¦¥É¥¹¥±¡¼¥×,²´3,54,Æ£²¬¹¯ÂÀ,2:43.5,1.1/4,29.9,7.0,466(-8),[À¾] ÌðºîË§¿Í
8,9,8,9,¥¦¥¤¥ó¥ê¥Ù¥í,²´4,57,Âã¹°¿Í,2:43.9,2.1/2,92.8,9.0,438(+10),[Åì] ¿åÌîµ®¹­
0,1,8,12,¥Ù¥¤¥³¡¼¥È,ÌÆ3,52,ÀÐÀîÍµµª,1:44.7,,3.4,2.0,490(-8),[À¾] ¹â¶¶µÁÃé
1,2,1,1,¥·¥Í¥Þ¥½¥ó¥°¥¹,ÌÆ4,55,Æ£²¬Í¤²ð,1:44.9,1.1/4,6.5,4.0,428(+10),[Åì] ¾®³ÞÎÑ¹°
2,3,6,7,¥Á¥Ó¥Î¥ô¥¡¥ë¥¿¥ó,ÌÆ6,55,¥ë¥á¡¼¥ë,1:45.5,3.1/2,4.7,3.0,446(-6),[Åì] ·ªÅÄÅ°
3,4,5,5,¥¯¡¼¥ë¥Ç¥¶¥¤¥ó,ÌÆ5,52,¿û¸¶ÌÀÎÉ,1:45.5,¥¯¥Ó,31.9,6.0,456(-4),[À¾] Ê¿ÅÄ½¤
4,5,7,10,¥·¥ç¥¦¥Ê¥ó¥Þ¥·¥§¥ê,ÌÆ6,55,´äÅÄ¹¯À¿,1:45.9,2,2.7,1.0,466(-2),[À¾] ÇßÅÄÃÒÇ·
5,6,5,6,¥í¥Ã¥¿¥é¥Ö,ÌÆ5,55,¼Æ»³Íº°ì,1:46.2,2,70.0,11.0,480(-2),[À¾] ²ÃÍÑÀµ
6,7,4,4,¥Õ¥¯¥­¥¿¥ë,ÌÆ4,55,²£»³ÏÂÀ¸,1:46.3,3/4,32.9,7.0,466(-2),[Åì] ÃÝÆâÀµÍÎ
7,8,2,2,¥ß¥Ã¥­¡¼¥Þ¥ó¥É¥ê¥ó,ÌÆ4,54,²£»³Éð»Ë,1:46.3,¥¢¥¿¥Þ,34.8,9.0,468(+6),[Åì] Çë¸¶À¶
8,9,8,11,¥¯¥ê¥Î¥¢¥¹¥³¥Ã¥È,ÌÆ4,52,ÃÄÌîÂçÀ®,1:47.4,7,34.6,8.0,436(+4),[À¾] ÅÏÊÕ·°É§
9,10,7,9,¥ß¥ë¥á¥ë¥·¡¼,ÌÆ3,52,ÃÓÅº¸¬°ì,1:48.0,3.1/2,14.8,5.0,458(-2),[À¾] °ÂÃ£¾¼É×
10,11,6,8,¥­¥é¥é¥¢¥â¡¼¥ì,ÌÆ3,52,É©ÅÄÍµÆó,1:48.1,¥¯¥Ó,39.5,10.0,482(+20),[À¾] º£ÌîÄç°ì
11,12,3,3,¥Õ¥¡¡¼¥Ù¥é¥¤¥È,ÌÆ4,55,¾¡±ºÀµ¼ù,1:48.7,3.1/2,152.2,12.0,488(+8),[Åì] ¹â¶¶Íµ
0,1,1,1,¥ô¥¡¥ê¥¢¥ó¥È,²´3,54,¥ë¥á¡¼¥ë,1:08.7,,3.3,2.0,468(-2),[À¾] À¾±º¾¡°ì
1,2,6,7,¥¿¥¤¥­¥é¥È¥Ê¥ó¥¸¥å,²´7,54,¿û¸¶ÌÀÎÉ,1:08.9,1,56.9,9.0,456(-6),[Åì] ³þÌî¹ÀÆó
2,3,2,2,¥¸¥å¥Ö¥ê¡¼¥æ,ÌÆ5,55,Ã°ÆâÍ´¼¡,1:08.9,¥¯¥Ó,15.0,5.0,490(0),[Åì] ËÒ¸÷Æó
3,4,6,6,¥­¥¿¥¤,ÌÆ3,52,²£»³Åµ¹°,1:09.1,1,6.8,4.0,474(-16),[Åì] ¿ù±º¹¨¾¼
4,5,7,8,¥¯¥ë¡¼¥¯¥ô¥¡¡¼¥ë,²´4,57,ÃÓÅº¸¬°ì,1:09.7,3.1/2,2.3,1.0,464(-2),[À¾] Àõ¸«½¨°ì
5,6,8,10,¥¨¥ó¥Ñ¥¤¥¢¥·¥å¥¢¡¼,²´3,54,Âã¹°¿Í,1:09.8,1/2,164.9,11.0,470(+22),[Åì] ÏÂÅÄÍºÆó
6,7,7,9,¥µ¥ó¥É¥¹¥Ô¡¼¥À¡¼,²´4,54,ÃÄÌîÂçÀ®,1:09.8,¥¯¥Ó,22.4,6.0,452(0),[Åì] ÏÂÅÄÍ¦²ð
7,8,5,5,¥¢¡¼¥ë¥é¥ó¥Ú¥¤¥¸,²´3,53,²£»³Éð»Ë,1:09.9,¥¯¥Ó,5.5,3.0,504(+6),[Åì] °ËÆ£Âç»Î
8,9,4,4,¥Ò¥é¥½¡¼¥ë,¥»3,54,²®Ìî¶Ë,1:10.1,1.1/2,29.5,7.0,452(-12),[À¾] ²ÃÍÑÀµ
9,10,8,11,¥½¥Õ¥È¥Ý¥¸¥·¥ç¥ó,²´4,57,¸ÅÀîµÈÍÎ,1:10.1,¥¯¥Ó,40.7,8.0,468(+2),[À¾] »³Æâ¸¦Æó
10,11,3,3,¥ß¥Ä¥ª¥µ¥¦¥¹¥Ý¡¼,²´4,57,²£»³ÏÂÀ¸,1:10.1,¥¢¥¿¥Þ,158.1,10.0,522(0),[Åì] Âç¹¾¸¶Å¯
0,1,7,10,¥ê¡¼¥×¥Õ¥é¥¦¥ß¥ë¥Ò,ÌÆ4,52,Ã°ÆâÍ´¼¡,1:46.7,,17.5,6.0,418(-10),[Åì] ÁêÂô°ê
1,2,2,2,¥ì¥Ã¥É¥Ù¥ë¥í¡¼¥º,ÌÆ4,53,ÀÐÀîÍµµª,1:47.0,1.3/4,6.6,3.0,474(-6),[Åì] ¼¯¸ÍÍº°ì
2,3,5,7,¥È¡¼¥»¥ó¥¹¡¼¥ê¥ä,²´4,56,²®Ìî¶Ë,1:47.0,¥¯¥Ó,7.7,4.0,460(-10),[Åì] ¾®Ìî¼¡Ïº
3,4,1,1,¥à¡¼¥ó¥ì¥¤¥«¡¼,²´4,56,ÃÓÅº¸¬°ì,1:47.2,1.1/4,5.4,2.0,466(-2),[À¾] ÃÓÅº·óÍº
4,5,4,5,¥±¡¼¥¸¡¼¥­¥ó¥«¥á,²´8,53,¸ÅÀîµÈÍÎ,1:47.2,¥¢¥¿¥Þ,90.4,11.0,488(-4),[À¾] ÈÓÅÄÍº»°
5,6,6,8,¥É¥¥¥ª¡¼¥â,²´6,54,Æ£²¬Í¤²ð,1:47.3,1/2,9.1,5.0,478(+2),[À¾] ÌîÃæ¸­Æó
6,7,4,4,¥â¥ó¥Õ¥¡¥í¥ó,²´4,53,É©ÅÄÍµÆó,1:47.3,¥Ï¥Ê,136.1,12.0,460(-10),[À¾] ¹â¶¶µÁÃé
7,8,7,11,¥µ¥È¥Î¥Õ¥©¡¼¥¹,²´3,53,¥ë¥á¡¼¥ë,1:47.8,3,2.0,1.0,452(+2),[Åì] Æ£ÂôÏÂÍº
8,9,3,3,¥Ñ¥Ã¥·¥ç¥ó¥Á¥«,ÌÆ5,51,²ÃÆ£¾ÍÂÀ,1:48.1,1.3/4,149.4,13.0,448(0),[À¾] ÅÄ½ê½¨¹§
9,10,6,9,¥¦¥¤¥ó¥¹¥é¡¼¥ô¥¡,²´4,54,²£»³Éð»Ë,1:48.4,1.3/4,49.8,9.0,470(-12),[Åì] ¾å¸¶ÇîÇ·
10,11,8,12,¥¤¥Á¥À¥¤,²´6,56,Åª¾ìÍ¦¿Í,1:48.4,¥¯¥Ó,32.7,8.0,538(+6),[Åì] ÊÁºê¹§
11,12,5,6,¥í¥¸¥¹¥«¡¼¥ì¥Ã¥È,²´4,54,¾¡±ºÀµ¼ù,1:48.5,1/2,60.1,10.0,440(0),[Åì] ¹ñ»Þ±É
12,13,8,13,¥í¡¼¥ê¥ó¥°¥¿¥ï¡¼,²´5,53,¾¾²¬Àµ³¤,1:50.3,Âç,28.7,7.0,440(-6),[Åì] °ËÆ£¿­°ì
0,1,6,11,¥ê¥Ê¡¼¥Æ,ÌÆ5,54,¥ë¥á¡¼¥ë,1:07.9,,2.3,1.0,496(+8),[À¾] ¿Ü³­¾°²ð
1,2,5,10,¥é¥¤¥È¥ª¥ó¥­¥å¡¼,²´4,54,¸ÅÀîµÈÍÎ,1:08.1,1.1/4,7.1,4.0,516(+4),[À¾] º«¹×
2,3,1,1,¥À¥¤¥á¥¤¥Õ¥¸,²´5,56,¾¾²¬Àµ³¤,1:08.1,¥¯¥Ó,10.2,5.0,524(+10),[À¾] ¿¹ÅÄÄ¾¹Ô
3,4,4,7,¥ì¥³¡¼¥É¥Á¥§¥¤¥µ¡¼,ÌÆ3,48,¿û¸¶ÌÀÎÉ,1:08.2,1/2,29.6,8.0,434(-2),[Åì] °ËÆ£·½»°
4,5,3,6,¥¯¥ê¡¼¥ó¥Õ¥¡¥ó¥­¡¼,ÌÆ6,52,²£»³Éð»Ë,1:08.3,1/2,47.6,11.0,492(-6),[Åì] ÎëÌÚ¿­¿Ò
5,6,8,15,¥Ñ¥é¥À¥¤¥¹¥¬¡¼¥Ç¥ó,ÌÆ7,50,ÃÄÌîÂçÀ®,1:08.4,1/2,40.3,10.0,498(0),[Åì] ÇôÃ«¾»±û
6,7,5,9,¥¿¥¤¥à¥È¥ê¥Ã¥×,²´5,54,¼Æ»³Íº°ì,1:08.4,¥Ï¥Ê,19.3,7.0,504(+2),[Åì] µÆÀîÀµÃ£
7,8,8,16,¥·¥ç¥¦¥Ê¥ó¥¿¥¤¥¬,²´3,50,²ÃÆ£¾ÍÂÀ,1:08.4,¥Ï¥Ê,14.7,6.0,466(-10),[À¾] ÃÓÅº·óÍº
8,9,3,5,¥¢¥¹¥¿¡¼¥ë¥Ó¡¼,ÌÆ3,48,ÃÝÇ·²¼ÃÒ,1:08.4,¥¢¥¿¥Þ,6.8,3.0,436(0),[À¾] Æî°æ¹îÌ¦
9,10,6,12,¥µ¥Õ¥é¥ó¥Ï¡¼¥È,²´6,54,¾¡±ºÀµ¼ù,1:08.4,¥¯¥Ó,106.0,15.0,456(-6),[À¾] ËÌ½ÐÀ®¿Í
10,11,2,4,¥¹¥Ó¡¼¥ë¥¢¥¹¡¼¥ë,ÌÆ5,51,²®Ìî¶Ë,1:08.5,1/2,55.4,12.0,484(-10),[Åì] ÉðÆ£Á±Â§
11,12,7,13,¥Þ¥¤¥Í¥ë¥Ñ¥é¥Ç¥£,¥»5,52,Ã°ÆâÍ´¼¡,1:08.6,1/2,74.3,14.0,456(-6),[À¾] ÅÄ½ê½¨¹§
12,13,2,3,¥ª¡¼¥ë¥¤¥ó¥ï¥ó,²´6,53,Æ£²¬¹¯ÂÀ,1:08.7,3/4,127.5,16.0,498(+8),[À¾] ÉÍÅÄÂ¿¼Â
13,14,7,14,¥¨¥á¥é¥ë¥¨¥Ê¥¸¡¼,²´7,52,ÀÐÀîÍµµª,1:08.7,¥Ï¥Ê,70.4,13.0,500(-6),[Åì] ÁêÂô°ê
14,15,1,2,¥À¥¤¥È¥¦¥­¥ç¥¦,²´7,52,É©ÅÄÍµÆó,1:09.4,4,35.3,9.0,462(-8),[Åì] ¸ÍÅÄÇîÊ¸
15,Ãæ,4,8,¥¸¥ç¡¼¥Þ¥ó¥Ç¥ê¥ó,ÌÆ3,49,Æ£·üµ®»Ö,,,6.3,2.0,490(-4),[À¾] À¶¿åµ×»ì
0,1,3,3,¥µ¥é¡¼¥Ö,ÌÆ4,55,¥ë¥á¡¼¥ë,1:43.5,,1.7,1.0,516(-2),[Åì] ÌÚÂ¼Å¯Ìé
1,2,8,11,¥°¥Ã¥Ð¥¤¥¬¡¼¥ë,ÌÆ3,52,²£»³Åµ¹°,1:43.6,1/2,3.8,2.0,492(+2),[Åì] ¿ù±º¹¨¾¼
2,3,1,1,¥Ç¥£¡¼¥º¥Õ¥§¥¤¥¯,ÌÆ4,55,¾¾²¬Àµ³¤,1:44.4,5,15.0,5.0,476(-10),[Åì] Æ£¸¶Ã¤Íº
3,4,5,5,¥ê¥ô¥¡¥¤¥Ð¥ë,ÌÆ6,55,Æ£²¬Í¤²ð,1:44.6,1.1/2,17.7,6.0,498(-2),[À¾] ²¬ÅÄ°ðÃË
4,5,6,7,¥ô¥©¥«¥Ä¥£¥ª¡¼¥Í,ÌÆ5,55,Ã°ÆâÍ´¼¡,1:44.7,¥¯¥Ó,22.2,8.0,468(+4),[À¾] ÅÄ½ê½¨¹§
5,6,4,4,¥ì¥ó¥Ö¥é¥ó¥µ,ÌÆ4,55,¾¡±ºÀµ¼ù,1:44.9,1.1/4,12.4,3.0,434(-2),[À¾] µÜËÜÇî
6,7,2,2,¥µ¥¯¥ì¥Ç¥£¡¼¥ô¥¡,ÌÆ6,55,´äÅÄ¹¯À¿,1:45.2,1.3/4,26.5,9.0,518(-6),[Åì] ²ÃÆ£À¬¹°
7,8,7,10,¥á¥â¥ê¡¼¥³¥¦,ÌÆ4,55,¸ÅÀîµÈÍÎ,1:45.2,¥¯¥Ó,14.0,4.0,462(+16),[À¾] ¾¾±Ê´´É×
8,9,6,8,¥­¡¼¥×¥·¡¼¥¯¥ì¥Ã¥È,ÌÆ4,55,É©ÅÄÍµÆó,1:45.3,1/2,164.7,10.0,462(+8),[À¾] ÀÐºä¸ø°ì
9,10,5,6,¥µ¥ó¥í¡¼¥ì¥ó¥¹,ÌÆ4,55,²£»³ÏÂÀ¸,1:46.2,5,250.3,11.0,462(+10),[Åì] °ËÆ£¿­°ì
10,11,8,12,¥Ö¥é¥Ã¥¯¥â¥ê¥ª¥ó,ÌÆ3,52,Æ£²¬¹¯ÂÀ,1:46.6,2.1/2,19.3,7.0,496(+14),[À¾] ÃÓÅº³Ø
11,½ü,7,9,¥Þ¡¼¥¬¥ì¥Ã¥È¥¹¥«¥¤,ÌÆ4,55,²£»³Éð»Ë,,,---,,488(-12),[Åì] ¹õ´äÍÛ°ì
0,1,8,13,¥ä¥¦¥¬¥¦,²´2,54,¥ë¥á¡¼¥ë,1:45.2,,1.7,1.0,456(+4),[À¾] ¿Ü³­¾°²ð
1,2,6,10,¥Õ¥é¡¼¥ì¥ó,ÌÆ2,54,Æ£²¬¹¯ÂÀ,1:45.5,1.3/4,10.6,4.0,494(-8),[À¾] ËÒÅÄÏÂÌï
2,3,5,8,¥¯¥í¡¼¥¹¥È¥¥¥ß¡¼,²´2,54,ÃÓÅº¸¬°ì,1:45.5,¥¯¥Ó,6.3,2.0,492(0),[Åì] ÌÚÂ¼Å¯Ìé
3,4,3,3,¥é¥Õ¥ê¥Ã¥°¥Õ¥§¥ë,ÌÆ2,54,Æ£²¬Í¤²ð,1:46.6,7,54.2,8.0,428(-10),[À¾] »ûÅçÎÉ
4,5,7,12,¥ä¥Þ¥Î¥Þ¥¿¥«,²´2,54,µÈÅÄÈ»¿Í,1:46.7,3/4,263.6,14.0,454(-2),[Åì] ÁêÂô°ê
5,6,5,7,¥¦¥ë¥È¥é¥Þ¥ê¥ó,ÌÆ2,54,´äÅÄ¹¯À¿,1:46.8,1/2,7.0,3.0,458(-2),[À¾] º£ÌîÄç°ì
6,7,1,1,¥¢¥Ô¥Æ¥½¡¼¥í,²´2,53,²£»³Éð»Ë,1:46.9,3/4,11.3,5.0,480(+2),[Åì] Éð°æÎ¼
7,8,7,11,¥¢¥¤¥ë¥Ó¡¼¥á¥¸¥ã¡¼,²´2,54,Ã°ÆâÍ´¼¡,1:47.3,2.1/2,82.9,9.0,460(+4),[Åì] °ËÆ£¿­°ì
8,9,2,2,¥è¥·¥Î¥Ñ¥Ê¥®¥¢,ÌÆ2,51,¿û¸¶ÌÀÎÉ,1:47.4,3/4,94.9,10.0,474(+4),[Åì] ½¡ÁüµÁÃé
9,10,4,5,¥¿¥¬¥Î¥­¥È¥Ô¥í,²´2,54,É©ÅÄÍµÆó,1:47.5,1/2,28.6,7.0,460(+2),[À¾] ²ÃÍÑÀµ
10,11,3,4,¥é¥°¥ê¥Þ¥¹¥Í¥°¥é¥¹,²´2,51,ÃÄÌîÂçÀ®,1:47.7,1,23.0,6.0,552(+6),[Åì] Æ£ÂôÏÂÍº
11,12,8,14,¥¹¥º¥«¥³¡¼¥º¥Þ¥ó¥Ü,²´2,54,·¬Â¼¿¿ÌÀ,1:47.7,¥Ï¥Ê,110.3,11.0,458(+2),[Åì] °ËÆ£·½»°
12,13,4,6,¥Æ¥ó¥È¥Ã¥×¥®¥ä,²´2,53,ºä°æÎÜÀ±,1:48.2,3,148.1,12.0,442(-6),[Åì] ÃæÌî±É¼£
13,14,6,9,¥»¥³¥¤¥¢,ÌÆ2,54,¸¶ÅÄÏÂ¿¿,1:50.0,Âç,171.2,13.0,454(+10),[Åì] ÃÝÆâÀµÍÎ
0,1,4,5,¥³¥¹¥ß¥Ã¥¯¥¨¥Ê¥¸¡¼,ÌÆ2,54,Æ£²¬Í¤²ð,1:51.0,,2.7,1.0,438(-2),[À¾] ¹âÌîÍ§ÏÂ
1,2,6,9,¥¦¥¤¥ó¥É¥¸¥ã¥Þ¡¼,²´2,54,¥ë¥á¡¼¥ë,1:51.1,3/4,3.4,2.0,480(0),[Åì] Æ£ÂôÏÂÍº
2,3,5,8,¥Ï¥®¥Î¥¨¥¹¥Ú¥é¥ó¥È,²´2,54,Æ£²¬¹¯ÂÀ,1:51.2,¥¯¥Ó,30.6,8.0,460(+4),[À¾] ¾¾ÅÄ¹ñ±Ñ
3,4,2,2,¥¦¥¤¥ó¥»¥ì¥Ê¡¼¥É,ÌÆ2,54,¾¾²¬Àµ³¤,1:51.2,¥¯¥Ó,24.4,7.0,452(-4),[À¾] ²ÃÍÑÀµ
4,5,5,7,¥¯¥ê¥Î¥Æ¥£¥Õ¥¡¥Ë¡¼,ÌÆ2,54,²£»³Åµ¹°,1:51.2,¥¢¥¿¥Þ,46.2,10.0,422(0),[À¾] ¿Ü³­¾°²ð
5,6,8,14,¥É¥¥¥é¥â¥Ã¥È,ÌÆ2,54,ÃÓÅº¸¬°ì,1:51.4,1,7.0,3.0,470(-6),[À¾] °ÂÅÄÎ´¹Ô
6,7,1,1,¥³¥¹¥â¥¿¥¤¥·,²´2,54,Ã°ÆâÍ´¼¡,1:51.4,¥¯¥Ó,8.7,4.0,454(-2),[Åì] ¹â¶¶¾ÍÂÙ
7,8,3,4,¥ô¥£¥¯¥È¥ï¡¼¥ë¥Ü¥¹,²´2,54,´äÅÄ¹¯À¿,1:51.5,1/2,12.7,5.0,502(0),[Åì] ´ä¸Í¹§¼ù
8,9,7,11,¥¯¥é¥¦¥ó¥Þ¥Ï¥í,²´2,54,¼Æ»³Íº°ì,1:51.6,1/2,533.1,14.0,496(+4),[Åì] Èø·ÁÏÂ¹¬
9,10,7,12,¥ï¥ó¥À¡¼¥«¥à¥é¥ó¥°,²´2,54,ÀÐÀîÏÁ,1:52.1,3,45.1,9.0,462(-6),[À¾] ¾®ºê·û
10,11,3,3,¥¯¥ê¥Î¥Æ¥Ã¥Ñ¥ó,²´2,54,¸ÅÀîµÈÍÎ,1:53.3,7,474.6,13.0,468(-6),[Åì] Å·´Ö¾¼°ì
11,12,4,6,¥ï¥¤¥ë¥É¥Ô¥Ã¥È,²´2,51,¿û¸¶ÌÀÎÉ,1:53.4,1/2,304.4,12.0,424(-6),[Åì] ÀõÌîÍÎ°ì
12,13,8,13,¥·¥ã¡¼¥Ù¥Ã¥È¥Õ¥£¥º,²´2,54,µÈÅÄÈ»¿Í,1:53.8,2.1/2,218.3,11.0,460(-6),[À¾] µÈÂ¼·½»Ê
13,14,6,10,¥Þ¥¤¥Í¥ë¥½¥é¥¹,²´2,53,²£»³Éð»Ë,1:54.5,4,13.2,6.0,458(+4),[Åì] ÏÂÅÄÀµ°ì
